id,first_name,last_name,email,gender,age,ethnicity,state,first_lang
1,Phyllis,Russell,prussell0@over-blog.com,Female,45,Indonesian,NY,Estonian
2,Lisa,Hill,lhill1@accuweather.com,Female,87,Chippewa,IN,Dari
3,Mark,Turner,mturner2@edublogs.org,Male,95,Bolivian,VA,Yiddish
4,Roy,Cox,rcox3@businessinsider.com,Male,33,Cambodian,PA,Croatian
5,Irene,Graham,igraham4@bloglines.com,Female,9,Osage,TN,Danish
6,George,Griffin,ggriffin5@xrea.com,Male,59,Sioux,CA,Kashmiri
7,Timothy,Day,tday6@zdnet.com,Male,83,Spaniard,MA,Sotho
8,Bruce,Tucker,btucker7@is.gd,Male,36,Alaskan Athabascan,MN,Nepali
9,Eugene,Castillo,ecastillo8@tripod.com,Male,76,Chamorro,MT,Tswana
10,Todd,Lynch,tlynch9@webnode.com,Male,20,Ute,TX,West Frisian
11,Julia,Carroll,jcarrolla@squarespace.com,Female,64,Venezuelan,NE,Guaraní
12,Doris,Wright,dwrightb@bloomberg.com,Female,90,Aleut,AL,Estonian
13,Harold,Spencer,hspencerc@unc.edu,Male,90,Chinese,LA,Ndebele
14,Ashley,Lopez,alopezd@slideshare.net,Female,68,White,DC,Czech
15,Elizabeth,Scott,escotte@comsenz.com,Female,81,Ecuadorian,CO,Polish
16,Philip,Rose,prosef@go.com,Male,40,Navajo,CA,Croatian
17,Amy,Mcdonald,amcdonaldg@harvard.edu,Female,62,Korean,PA,Tswana
18,Jesse,Cruz,jcruzh@pbs.org,Male,18,Central American,VA,Georgian
19,Steven,Johnston,sjohnstoni@jalbum.net,Male,76,Menominee,OK,New Zealand Sign Language
20,Anthony,Hart,ahartj@forbes.com,Male,91,South American,LA,Filipino
21,Teresa,Sims,tsimsk@ocn.ne.jp,Female,39,Hmong,CA,Bengali
22,Lois,Dean,ldeanl@uol.com.br,Female,17,Korean,AL,Spanish
23,Steve,Moreno,smorenom@marketwatch.com,Male,29,Colombian,TX,Guaraní
24,Phillip,Anderson,pandersonn@gravatar.com,Male,80,Asian Indian,CT,Dzongkha
25,Betty,Alvarez,balvarezo@google.es,Female,70,White,FL,Marathi
26,Charles,Adams,cadamsp@sbwire.com,Male,49,Tongan,PA,French
27,Adam,Harris,aharrisq@un.org,Male,99,Pueblo,WV,Kurdish
28,Barbara,Baker,bbakerr@opera.com,Female,56,Kiowa,ID,Kazakh
29,Jean,Washington,jwashingtons@unblog.fr,Female,63,Mexican,CA,Japanese
30,Susan,Russell,srussellt@amazon.co.jp,Female,38,Malaysian,CA,Indonesian
31,Jason,Henry,jhenryu@ibm.com,Male,50,Colombian,FL,Czech
32,Jimmy,Fields,jfieldsv@sphinn.com,Male,22,Chippewa,MO,Dhivehi
33,Wayne,Bailey,wbaileyw@vkontakte.ru,Male,50,Delaware,MD,Finnish
34,Joyce,Ray,jrayx@seesaa.net,Female,71,Spaniard,TX,Malagasy
35,Roger,Ward,rwardy@rambler.ru,Male,90,Panamanian,WV,Azeri
36,Doris,Washington,dwashingtonz@meetup.com,Female,68,Sioux,FL,Swati
37,Albert,Perez,aperez10@skyrock.com,Male,69,Uruguayan,DC,Bosnian
38,Joseph,Sims,jsims11@geocities.com,Male,78,Guatemalan,DC,Oriya
39,Harold,Coleman,hcoleman12@si.edu,Male,11,Spaniard,OH,Irish Gaelic
40,Victor,Palmer,vpalmer13@examiner.com,Male,47,Eskimo,KS,Greek
41,Todd,Ramirez,tramirez14@about.me,Male,43,Latin American Indian,MO,Georgian
42,Thomas,Graham,tgraham15@google.com,Male,20,Ute,HI,Dutch
43,Martin,Gray,mgray16@wordpress.com,Male,9,Peruvian,NM,Tsonga
44,Ruby,Payne,rpayne17@europa.eu,Female,51,Chilean,TX,New Zealand Sign Language
45,Harry,Dixon,hdixon18@simplemachines.org,Male,51,Dominican (Dominican Republic),FL,Burmese
46,Albert,Castillo,acastillo19@rambler.ru,Male,26,Dominican (Dominican Republic),CA,Kashmiri
47,Carl,Richardson,crichardson1a@prlog.org,Male,94,Chilean,TX,Gagauz
48,Brandon,Hall,bhall1b@ox.ac.uk,Male,26,Navajo,TX,French
49,Denise,Watson,dwatson1c@free.fr,Female,27,American Indian,MN,Georgian
50,Elizabeth,Hamilton,ehamilton1d@latimes.com,Female,27,Tlingit-Haida,WI,Romanian
51,Virginia,Jackson,vjackson1e@list-manage.com,Female,52,Indonesian,WA,Quechua
52,Doris,Cox,dcox1f@wisc.edu,Female,14,Paraguayan,CA,Malayalam
53,Donna,Stewart,dstewart1g@senate.gov,Female,21,Honduran,CA,Persian
54,Emily,Fisher,efisher1h@webs.com,Female,88,Chinese,CA,Danish
55,Elizabeth,Stewart,estewart1i@wikimedia.org,Female,82,Yuman,ID,Punjabi
56,Mildred,Peters,mpeters1j@about.me,Female,47,Yuman,TX,Dari
57,Michelle,Moore,mmoore1k@alibaba.com,Female,71,Tlingit-Haida,AR,Dari
58,Terry,Pierce,tpierce1l@ocn.ne.jp,Male,43,Asian Indian,MN,Bengali
59,Kenneth,Miller,kmiller1m@desdev.cn,Male,58,Colombian,PA,Māori
60,Tammy,Rice,trice1n@narod.ru,Female,72,Guatemalan,TX,Persian
61,Margaret,Arnold,marnold1o@google.ca,Female,2,Cuban,GA,Maltese
62,Tammy,Mendoza,tmendoza1p@bbc.co.uk,Female,83,American Indian,FL,Arabic
63,Harold,Romero,hromero1q@twitter.com,Male,79,Chickasaw,KY,Danish
64,Ronald,Rodriguez,rrodriguez1r@youtube.com,Male,90,American Indian,CA,Hebrew
65,Lawrence,Gonzales,lgonzales1s@google.ca,Male,93,Guatemalan,FL,Dzongkha
66,Lisa,Jones,ljones1t@apache.org,Female,9,Black or African American,CA,Fijian
67,Albert,Stanley,astanley1u@archive.org,Male,44,Chinese,GA,Mongolian
68,Louis,Cole,lcole1v@de.vu,Male,82,Apache,AR,Dutch
69,Judy,West,jwest1w@weebly.com,Female,41,Argentinian,NY,Gujarati
70,Timothy,Watson,twatson1x@indiatimes.com,Male,60,Seminole,OH,Tok Pisin
71,Henry,Russell,hrussell1y@oracle.com,Male,77,Black or African American,CO,Croatian
72,Keith,Sanders,ksanders1z@ucla.edu,Male,69,Comanche,NY,Amharic
73,Timothy,King,tking20@buzzfeed.com,Male,43,Aleut,GA,Kashmiri
74,Kathy,Kelly,kkelly21@i2i.jp,Female,60,Yakama,NC,Kannada
75,Norma,Wells,nwells22@multiply.com,Female,48,Paraguayan,CA,Czech
76,Kimberly,Ray,kray23@about.me,Female,71,Delaware,PA,Romanian
77,Roger,Rodriguez,rrodriguez24@shutterfly.com,Male,36,Chickasaw,CA,Persian
78,Roger,Ray,rray25@dropbox.com,Male,45,Peruvian,VA,Tajik
79,Billy,Hughes,bhughes26@omniture.com,Male,33,Taiwanese,OH,Tok Pisin
80,Beverly,Gibson,bgibson27@nymag.com,Female,90,Polynesian,MA,West Frisian
81,Peter,Crawford,pcrawford28@sourceforge.net,Male,85,Cheyenne,TN,Bengali
82,Walter,Frazier,wfrazier29@shop-pro.jp,Male,65,Cheyenne,SC,Persian
83,Joan,Burton,jburton2a@diigo.com,Female,6,Navajo,PA,Maltese
84,Michael,Martin,mmartin2b@wix.com,Male,67,Bangladeshi,FL,New Zealand Sign Language
85,Raymond,Spencer,rspencer2c@rediff.com,Male,65,White,FL,Icelandic
86,Catherine,Roberts,croberts2d@phoca.cz,Female,45,Pakistani,NY,Croatian
87,Joan,Lawson,jlawson2e@nifty.com,Female,89,Eskimo,DC,Swahili
88,Gerald,Riley,griley2f@last.fm,Male,69,Filipino,IL,Moldovan
89,Marie,Ruiz,mruiz2g@ibm.com,Female,96,Samoan,DC,Polish
90,Frank,Shaw,fshaw2h@wix.com,Male,78,Ecuadorian,NV,Hindi
91,Phillip,Stewart,pstewart2i@smh.com.au,Male,55,Puerto Rican,FL,German
92,Judy,Rodriguez,jrodriguez2j@wp.com,Female,74,American Indian,AZ,Armenian
93,Ann,Baker,abaker2k@blogtalkradio.com,Female,62,Spaniard,KS,Macedonian
94,Joseph,Austin,jaustin2l@usda.gov,Male,44,Chilean,FL,Aymara
95,Donald,Perez,dperez2m@spiegel.de,Male,97,Alaskan Athabascan,TX,Marathi
96,Martha,Green,mgreen2n@phpbb.com,Female,35,Alaska Native,DC,Arabic
97,Melissa,Burke,mburke2o@google.it,Female,9,Yakama,UT,Malayalam
98,Antonio,Gray,agray2p@bigcartel.com,Male,68,Colombian,DE,Oriya
99,Helen,Wood,hwood2q@twitter.com,Female,30,Ottawa,OK,Lao
100,Henry,Harris,hharris2r@miitbeian.gov.cn,Male,5,Native Hawaiian,CA,Nepali
101,Jimmy,Bailey,jbailey2s@tmall.com,Male,2,Lumbee,MI,Italian
102,Alice,Butler,abutler2t@sphinn.com,Female,21,Indonesian,IN,Tetum
103,Edward,Montgomery,emontgomery2u@etsy.com,Male,100,Houma,NE,Pashto
104,Lisa,Stone,lstone2v@dropbox.com,Female,77,South American,TX,Montenegrin
105,Frances,Bishop,fbishop2w@hibu.com,Female,99,Osage,MA,Georgian
106,Susan,Gilbert,sgilbert2x@gravatar.com,Female,74,Puerto Rican,FL,Luxembourgish
107,Carlos,Greene,cgreene2y@nbcnews.com,Male,76,Indonesian,NY,Marathi
108,Louis,Vasquez,lvasquez2z@storify.com,Male,22,American Indian and Alaska Native (AIAN),NJ,Maltese
109,Eugene,Cook,ecook30@pen.io,Male,34,Hmong,SC,Nepali
110,Johnny,Ryan,jryan31@rambler.ru,Male,13,Guatemalan,MI,Spanish
111,David,Butler,dbutler32@cpanel.net,Male,65,Puerto Rican,DC,Georgian
112,Rose,Hayes,rhayes33@posterous.com,Female,25,Lumbee,WV,Romanian
113,Lois,Hicks,lhicks34@un.org,Female,5,Sri Lankan,WA,Persian
114,Beverly,Lawson,blawson35@diigo.com,Female,35,Ottawa,IN,Oriya
115,Mary,Wagner,mwagner36@independent.co.uk,Female,59,Samoan,FL,Moldovan
116,Judy,Campbell,jcampbell37@wordpress.com,Female,34,Pueblo,TN,Belarusian
117,Ann,Sims,asims38@admin.ch,Female,93,Yuman,KY,Thai
118,Chris,Ward,cward39@macromedia.com,Male,22,Malaysian,TX,Nepali
119,Barbara,Jackson,bjackson3a@surveymonkey.com,Female,18,Nicaraguan,GA,New Zealand Sign Language
120,Rachel,West,rwest3b@geocities.jp,Female,78,Venezuelan,DC,Japanese
121,Gregory,Romero,gromero3c@wikipedia.org,Male,9,Sri Lankan,NC,Dari
122,Marilyn,Fowler,mfowler3d@macromedia.com,Female,6,Spaniard,CA,Marathi
123,Christine,Gordon,cgordon3e@kickstarter.com,Female,7,Chamorro,MO,Finnish
124,Gloria,Richards,grichards3f@plala.or.jp,Female,85,Ecuadorian,NY,Punjabi
125,Brenda,Murray,bmurray3g@economist.com,Female,9,Tongan,TX,Armenian
126,Charles,Fisher,cfisher3h@go.com,Male,76,Sri Lankan,SC,Portuguese
127,Marie,Bradley,mbradley3i@fotki.com,Female,18,Alaskan Athabascan,UT,Albanian
128,Katherine,Marshall,kmarshall3j@wordpress.org,Female,66,Sri Lankan,SD,Tamil
129,Margaret,Vasquez,mvasquez3k@nasa.gov,Female,50,Vietnamese,IN,Amharic
130,Jeremy,Shaw,jshaw3l@theglobeandmail.com,Male,91,Cree,MD,Armenian
131,Joyce,Andrews,jandrews3m@answers.com,Female,32,Japanese,CA,Lithuanian
132,Shirley,Banks,sbanks3n@angelfire.com,Female,30,South American,IN,Yiddish
133,Mary,Dean,mdean3o@statcounter.com,Female,30,Navajo,FL,Swahili
134,Steven,Jenkins,sjenkins3p@quantcast.com,Male,89,Chamorro,DC,Chinese
135,David,Reed,dreed3q@hatena.ne.jp,Male,90,Polynesian,FL,Dzongkha
136,Nicole,Thompson,nthompson3r@over-blog.com,Female,14,Cambodian,CT,Hebrew
137,Beverly,Burns,bburns3s@skype.com,Female,22,Honduran,FL,French
138,Janice,Mitchell,jmitchell3t@github.io,Female,24,Micronesian,TN,Romanian
139,Phyllis,Stanley,pstanley3u@pbs.org,Female,23,Paraguayan,CT,French
140,Julie,Fisher,jfisher3v@jugem.jp,Female,100,Chinese,MN,Tamil
141,Mary,Cruz,mcruz3w@slashdot.org,Female,88,Tongan,FL,New Zealand Sign Language
142,Willie,Greene,wgreene3x@indiatimes.com,Male,74,Chilean,TX,Yiddish
143,Stephen,Hart,shart3y@youku.com,Male,54,Yuman,IL,Japanese
144,Deborah,Kim,dkim3z@shareasale.com,Female,29,Costa Rican,AZ,Belarusian
145,Sandra,Vasquez,svasquez40@about.me,Female,71,Paraguayan,PA,Italian
146,Theresa,Harper,tharper41@mac.com,Female,7,Tlingit-Haida,NM,Burmese
147,Ernest,Campbell,ecampbell42@yahoo.co.jp,Male,98,Thai,KY,Norwegian
148,Anna,Henderson,ahenderson43@washingtonpost.com,Female,36,Paraguayan,NY,Ndebele
149,Gregory,Diaz,gdiaz44@census.gov,Male,60,Bangladeshi,NY,West Frisian
150,Randy,Sanders,rsanders45@edublogs.org,Male,2,Alaskan Athabascan,CA,Romanian
151,Victor,Freeman,vfreeman46@sourceforge.net,Male,96,Choctaw,MI,Latvian
152,Steven,Webb,swebb47@paginegialle.it,Male,12,Honduran,ID,Oriya
153,Antonio,Ortiz,aortiz48@ftc.gov,Male,75,Samoan,TX,Dhivehi
154,Betty,Foster,bfoster49@nationalgeographic.com,Female,19,Chickasaw,TX,Croatian
155,Billy,Garrett,bgarrett4a@un.org,Male,72,Latin American Indian,KY,Tok Pisin
156,Bruce,Ferguson,bferguson4b@reference.com,Male,67,Paiute,NE,Dutch
157,Mildred,Powell,mpowell4c@theglobeandmail.com,Female,79,Alaskan Athabascan,CT,Croatian
158,Lori,Roberts,lroberts4d@digg.com,Female,77,Nicaraguan,OH,Punjabi
159,Diana,Johnson,djohnson4e@reuters.com,Female,100,Shoshone,AZ,Tok Pisin
160,Doris,Warren,dwarren4f@yahoo.com,Female,46,Shoshone,OK,French
161,Chris,Olson,colson4g@cam.ac.uk,Male,23,American Indian,CA,Macedonian
162,Teresa,Reed,treed4h@npr.org,Female,69,Guamanian,CA,Dari
163,Heather,Grant,hgrant4i@businessinsider.com,Female,88,Ute,AR,Bosnian
164,Clarence,Peterson,cpeterson4j@abc.net.au,Male,64,Black or African American,TN,Romanian
165,Carolyn,Hunter,chunter4k@skype.com,Female,66,Korean,CA,Kazakh
166,Anne,Jones,ajones4l@elpais.com,Female,42,Pima,WI,Tetum
167,Diana,Ramirez,dramirez4m@samsung.com,Female,43,Sri Lankan,TX,Estonian
168,Paul,Cole,pcole4n@blogs.com,Male,71,Yakama,KY,French
169,Clarence,Harvey,charvey4o@nydailynews.com,Male,56,Peruvian,MO,Italian
170,Robert,Freeman,rfreeman4p@gov.uk,Male,30,Crow,CT,Arabic
171,Bruce,Bishop,bbishop4q@sohu.com,Male,27,Guatemalan,TX,Armenian
172,Jennifer,Willis,jwillis4r@creativecommons.org,Female,15,Nicaraguan,CA,Polish
173,Victor,Hill,vhill4s@cbsnews.com,Male,61,Tongan,CA,Ndebele
174,Mark,Romero,mromero4t@adobe.com,Male,85,Colville,LA,Kyrgyz
175,Chris,Willis,cwillis4u@naver.com,Male,35,Vietnamese,NC,Dhivehi
176,Rachel,Welch,rwelch4v@alibaba.com,Female,10,Korean,TN,Kyrgyz
177,Willie,Marshall,wmarshall4w@google.fr,Male,25,Chamorro,CA,French
178,Shirley,Daniels,sdaniels4x@accuweather.com,Female,81,Comanche,VA,Swati
179,Paul,Brooks,pbrooks4y@wsj.com,Male,17,Hmong,OH,Fijian
180,Shawn,Taylor,staylor4z@privacy.gov.au,Male,3,Melanesian,MO,Telugu
181,Laura,Nichols,lnichols50@wikipedia.org,Female,45,Menominee,NC,Croatian
182,Janice,Brooks,jbrooks51@paginegialle.it,Female,26,Chinese,IL,Catalan
183,Paul,Peters,ppeters52@taobao.com,Male,32,Alaskan Athabascan,MD,Montenegrin
184,Arthur,Bradley,abradley53@discuz.net,Male,88,Colville,GA,Kannada
185,Stephen,Miller,smiller54@wufoo.com,Male,53,Ottawa,WA,Bengali
186,Todd,Baker,tbaker55@cbc.ca,Male,52,Houma,KY,Burmese
187,Annie,Stevens,astevens56@vkontakte.ru,Female,25,Native Hawaiian and Other Pacific Islander (NHPI),IN,Hebrew
188,Nicholas,Ray,nray57@skype.com,Male,100,Native Hawaiian and Other Pacific Islander (NHPI),NJ,New Zealand Sign Language
189,Benjamin,Palmer,bpalmer58@reverbnation.com,Male,67,Ute,TX,Finnish
190,Walter,Watkins,wwatkins59@wikispaces.com,Male,88,Ottawa,PA,Kannada
191,Robert,Morrison,rmorrison5a@thetimes.co.uk,Male,71,Argentinian,TX,Kurdish
192,Shawn,Reid,sreid5b@delicious.com,Male,63,Potawatomi,LA,Filipino
193,Andrew,Ruiz,aruiz5c@prnewswire.com,Male,69,Polynesian,OR,Telugu
194,Scott,Willis,swillis5d@meetup.com,Male,87,Venezuelan,PA,Tajik
195,Paul,Carter,pcarter5e@mtv.com,Male,53,Puget Sound Salish,NJ,Azeri
196,Roy,Ferguson,rferguson5f@prlog.org,Male,18,Indonesian,NV,Oriya
197,Eugene,Smith,esmith5g@archive.org,Male,14,Panamanian,FL,Latvian
198,Andrew,Simmons,asimmons5h@flickr.com,Male,55,Yuman,NC,West Frisian
199,Bonnie,Foster,bfoster5i@usda.gov,Female,34,Cambodian,MO,French
200,Alice,Kennedy,akennedy5j@dropbox.com,Female,17,Filipino,FL,Indonesian
201,Sarah,Jackson,sjackson5k@oaic.gov.au,Female,73,Pueblo,NY,Greek
202,Laura,Payne,lpayne5l@mtv.com,Female,61,Navajo,KS,Lithuanian
203,Aaron,Watkins,awatkins5m@delicious.com,Male,40,Melanesian,CT,Aymara
204,Phyllis,Garza,pgarza5n@bloomberg.com,Female,18,Vietnamese,NY,Chinese
205,Brian,Franklin,bfranklin5o@who.int,Male,39,Spaniard,CA,Korean
206,Todd,Graham,tgraham5p@exblog.jp,Male,84,Malaysian,NM,Gagauz
207,George,Morrison,gmorrison5q@cloudflare.com,Male,93,Navajo,OH,Indonesian
208,Edward,Olson,eolson5r@guardian.co.uk,Male,65,Ecuadorian,DC,Korean
209,George,Davis,gdavis5s@taobao.com,Male,73,Ute,CA,Indonesian
210,Jerry,Flores,jflores5t@freewebs.com,Male,43,Alaska Native,FL,Japanese
211,Phyllis,Morales,pmorales5u@webs.com,Female,4,Shoshone,NY,Azeri
212,Anthony,Snyder,asnyder5v@examiner.com,Male,80,Paiute,TX,Guaraní
213,Nicole,Sanchez,nsanchez5w@washingtonpost.com,Female,71,Chickasaw,MA,Latvian
214,Brandon,Day,bday5x@accuweather.com,Male,8,Filipino,TX,Hindi
215,Julie,Porter,jporter5y@gmpg.org,Female,59,Potawatomi,DC,Papiamento
216,Sharon,Flores,sflores5z@cbc.ca,Female,30,Alaska Native,TX,Norwegian
217,Ashley,Hunt,ahunt60@chron.com,Female,71,Chilean,AZ,Japanese
218,Kathy,Robinson,krobinson61@cargocollective.com,Female,74,Central American,CA,Bosnian
219,Judy,Carr,jcarr62@mysql.com,Female,67,Fijian,WA,Hiri Motu
220,Victor,Brooks,vbrooks63@eepurl.com,Male,49,Delaware,TX,West Frisian
221,Clarence,Sanders,csanders64@alexa.com,Male,43,Bolivian,PA,Arabic
222,Aaron,Willis,awillis65@is.gd,Male,37,Nicaraguan,CA,Kyrgyz
223,Steve,Rice,srice66@slate.com,Male,28,Dominican (Dominican Republic),OK,Malayalam
224,Joe,Wood,jwood67@apple.com,Male,44,Nicaraguan,CA,Bengali
225,Lori,Hamilton,lhamilton68@huffingtonpost.com,Female,100,Hmong,KS,Burmese
226,Judy,Peters,jpeters69@xrea.com,Female,47,American Indian and Alaska Native (AIAN),CT,Spanish
227,Michelle,Mcdonald,mmcdonald6a@freewebs.com,Female,97,Hmong,CA,Czech
228,Frances,Moreno,fmoreno6b@delicious.com,Female,43,Cambodian,TX,French
229,Amanda,Gonzales,agonzales6c@pinterest.com,Female,79,Choctaw,TX,Hebrew
230,Brandon,Gonzalez,bgonzalez6d@yahoo.com,Male,93,South American,OH,French
231,Steven,Sanders,ssanders6e@edublogs.org,Male,84,Cherokee,MD,Bengali
232,David,Washington,dwashington6f@behance.net,Male,51,Dominican (Dominican Republic),FL,Quechua
233,Annie,Riley,ariley6g@elpais.com,Female,28,Nicaraguan,FL,Kyrgyz
234,Lisa,Holmes,lholmes6h@chron.com,Female,20,Dominican (Dominican Republic),NY,Korean
235,Albert,Mason,amason6i@nytimes.com,Male,94,Polynesian,ID,Dari
236,Gerald,Meyer,gmeyer6j@flickr.com,Male,18,Chickasaw,IN,Guaraní
237,Bonnie,Perkins,bperkins6k@pbs.org,Female,96,Bangladeshi,NC,Somali
238,Aaron,Morales,amorales6l@biblegateway.com,Male,25,Chickasaw,NC,German
239,Frank,Bennett,fbennett6m@webeden.co.uk,Male,20,Venezuelan,OH,Papiamento
240,Tina,Patterson,tpatterson6n@go.com,Female,24,Chickasaw,LA,Tetum
241,Louise,Nelson,lnelson6o@opensource.org,Female,63,Mexican,MA,Hungarian
242,Virginia,Campbell,vcampbell6p@apple.com,Female,26,Chilean,NV,Tetum
243,Sharon,Lynch,slynch6q@pen.io,Female,57,Lumbee,MI,Bengali
244,Nicholas,Collins,ncollins6r@imdb.com,Male,47,Asian,CA,Finnish
245,Annie,Gray,agray6s@myspace.com,Female,57,Colville,GA,Icelandic
246,Timothy,Henry,thenry6t@blogs.com,Male,8,Colville,DC,Hebrew
247,Ruby,Johnson,rjohnson6u@ted.com,Female,100,Pueblo,TX,Tajik
248,Scott,Parker,sparker6v@paypal.com,Male,72,Bangladeshi,GA,Dzongkha
249,George,Romero,gromero6w@hao123.com,Male,75,Puget Sound Salish,WI,Tamil
250,Betty,Hicks,bhicks6x@issuu.com,Female,19,American Indian,MN,Norwegian
251,Debra,Harrison,dharrison6y@wikia.com,Female,63,Shoshone,WA,Hungarian
252,Karen,Webb,kwebb6z@gmpg.org,Female,86,Latin American Indian,CA,Moldovan
253,Janet,Spencer,jspencer70@unc.edu,Female,46,Pima,MA,Catalan
254,Willie,Chapman,wchapman71@tripod.com,Male,66,Yuman,VA,Hindi
255,Kathy,Ray,kray72@mlb.com,Female,24,Pueblo,VA,West Frisian
256,Shawn,Kelley,skelley73@seattletimes.com,Male,28,American Indian and Alaska Native (AIAN),MO,Quechua
257,Christina,Berry,cberry74@theguardian.com,Female,21,Melanesian,GA,Yiddish
258,Heather,Pierce,hpierce75@ca.gov,Female,23,Sioux,WA,Tok Pisin
259,Gloria,Robertson,grobertson76@amazon.com,Female,18,Tohono O'Odham,NY,Irish Gaelic
260,Shawn,Cooper,scooper77@storify.com,Male,3,Taiwanese,CA,Montenegrin
261,Tina,Shaw,tshaw78@imdb.com,Female,45,Cuban,NY,English
262,Sharon,Webb,swebb79@businesswire.com,Female,44,Tongan,CO,Swedish
263,Tammy,Carroll,tcarroll7a@i2i.jp,Female,20,Bolivian,NV,Irish Gaelic
264,Chris,Davis,cdavis7b@blinklist.com,Male,15,Puget Sound Salish,FL,Tetum
265,Randy,Cunningham,rcunningham7c@dailymotion.com,Male,13,Native Hawaiian,NY,Arabic
266,Kathleen,Austin,kaustin7d@nytimes.com,Female,17,Tohono O'Odham,FL,Greek
267,Harry,Campbell,hcampbell7e@vk.com,Male,73,Guamanian,DC,Gagauz
268,Mark,Parker,mparker7f@geocities.com,Male,10,Chilean,GA,Kazakh
269,Louis,Day,lday7g@bizjournals.com,Male,13,Shoshone,AL,Hindi
270,Helen,Ferguson,hferguson7h@economist.com,Female,30,Native Hawaiian,CO,Azeri
271,Laura,Evans,levans7i@imgur.com,Female,11,Laotian,MO,Nepali
272,Peter,West,pwest7j@bloglines.com,Male,51,Venezuelan,TX,Estonian
273,Rose,Andrews,randrews7k@sourceforge.net,Female,13,Panamanian,FL,Estonian
274,Aaron,Ferguson,aferguson7l@cnet.com,Male,82,Delaware,NY,Montenegrin
275,Aaron,Kelley,akelley7m@google.ru,Male,52,Blackfeet,GA,Norwegian
276,Daniel,James,djames7n@tamu.edu,Male,11,Guamanian,OR,Tamil
277,Antonio,Jones,ajones7o@intel.com,Male,89,Mexican,CA,Kyrgyz
278,Nicole,Fernandez,nfernandez7p@yellowpages.com,Female,53,Venezuelan,FL,Kashmiri
279,Russell,Garcia,rgarcia7q@dyndns.org,Male,79,Bolivian,CT,Kashmiri
280,Frances,Russell,frussell7r@1und1.de,Female,19,Paiute,WA,Norwegian
281,Kathy,Andrews,kandrews7s@disqus.com,Female,78,Thai,SC,Croatian
282,Louis,Smith,lsmith7t@chronoengine.com,Male,71,Chippewa,VA,Macedonian
283,Katherine,Rice,krice7u@hexun.com,Female,9,Spaniard,CA,Khmer
284,Annie,Crawford,acrawford7v@dedecms.com,Female,37,Peruvian,FL,West Frisian
285,Joyce,Flores,jflores7w@alibaba.com,Female,7,Yakama,FL,New Zealand Sign Language
286,Bruce,Hudson,bhudson7x@bbb.org,Male,23,Comanche,WA,Romanian
287,Sean,Armstrong,sarmstrong7y@state.tx.us,Male,45,Chickasaw,TX,Czech
288,Walter,Wheeler,wwheeler7z@si.edu,Male,95,Paiute,CA,Swahili
289,Charles,Rice,crice80@webs.com,Male,94,Bangladeshi,CA,Danish
290,Jonathan,Chavez,jchavez81@unesco.org,Male,98,Japanese,AR,Maltese
291,Patrick,Burke,pburke82@toplist.cz,Male,40,Chickasaw,KY,Maltese
292,Janice,Russell,jrussell83@unesco.org,Female,70,Alaska Native,CA,Dari
293,Eric,Lee,elee84@privacy.gov.au,Male,63,Vietnamese,CA,Quechua
294,Joan,Graham,jgraham85@dropbox.com,Female,39,Chickasaw,DC,West Frisian
295,Philip,Larson,plarson86@ed.gov,Male,33,Cherokee,RI,Kannada
296,Kathleen,Johnson,kjohnson87@oakley.com,Female,95,Navajo,OK,French
297,Sean,Jones,sjones88@ycombinator.com,Male,95,Aleut,AZ,Macedonian
298,Timothy,Rivera,trivera89@hostgator.com,Male,50,Cherokee,CA,Pashto
299,Peter,Phillips,pphillips8a@cmu.edu,Male,21,Korean,NJ,Albanian
300,Adam,Montgomery,amontgomery8b@studiopress.com,Male,99,Houma,NY,Hungarian
301,Janet,Stewart,jstewart8c@slideshare.net,Female,29,Nicaraguan,IL,Dari
302,Laura,Riley,lriley8d@ihg.com,Female,79,Sioux,SC,Dzongkha
303,Janice,Knight,jknight8e@hexun.com,Female,58,Native Hawaiian and Other Pacific Islander (NHPI),MI,Dzongkha
304,Bruce,Freeman,bfreeman8f@dropbox.com,Male,23,Salvadoran,MO,Polish
305,Kevin,Freeman,kfreeman8g@whitehouse.gov,Male,90,Honduran,PA,Haitian Creole
306,Thomas,James,tjames8h@ucsd.edu,Male,61,Honduran,TX,Swedish
307,Bonnie,Gonzales,bgonzales8i@state.gov,Female,67,Asian,SC,Northern Sotho
308,Aaron,Sanchez,asanchez8j@cpanel.net,Male,13,South American,DC,Dzongkha
309,Ralph,Green,rgreen8k@apache.org,Male,92,Guamanian,OK,Maltese
310,Virginia,Myers,vmyers8l@bloomberg.com,Female,42,Indonesian,SC,Somali
311,Mildred,Day,mday8m@skype.com,Female,60,Chamorro,OK,Dhivehi
312,Patricia,Ross,pross8n@weebly.com,Female,84,Navajo,SC,Kyrgyz
313,Jessica,Nguyen,jnguyen8o@dell.com,Female,10,Ecuadorian,DC,Telugu
314,Angela,Shaw,ashaw8p@com.com,Female,2,Korean,AZ,Assamese
315,Steve,Fowler,sfowler8q@g.co,Male,11,Bangladeshi,AL,Czech
316,Judy,Weaver,jweaver8r@geocities.com,Female,33,Native Hawaiian and Other Pacific Islander (NHPI),MS,Hindi
317,Marie,Harvey,mharvey8s@simplemachines.org,Female,15,Filipino,NV,Bosnian
318,Anna,Adams,aadams8t@bravesites.com,Female,85,Ute,AR,Assamese
319,Dorothy,Wood,dwood8u@ameblo.jp,Female,24,Nicaraguan,NY,Bengali
320,Joshua,Hart,jhart8v@sourceforge.net,Male,10,Dominican (Dominican Republic),NC,Belarusian
321,Bobby,Coleman,bcoleman8w@fastcompany.com,Male,52,Colville,NY,Assamese
322,Helen,Riley,hriley8x@earthlink.net,Female,18,Apache,NC,Romanian
323,Christina,Ward,cward8y@gnu.org,Female,41,Filipino,KS,English
324,Scott,Martin,smartin8z@howstuffworks.com,Male,35,Mexican,MN,Nepali
325,Larry,Dunn,ldunn90@fema.gov,Male,77,Yakama,OR,Malay
326,Teresa,Powell,tpowell91@reddit.com,Female,49,Costa Rican,NC,Spanish
327,Marilyn,Jacobs,mjacobs92@howstuffworks.com,Female,11,South American,CA,Bulgarian
328,Larry,Castillo,lcastillo93@squidoo.com,Male,74,South American,MA,Georgian
329,Sara,Olson,solson94@freewebs.com,Female,14,Native Hawaiian,CA,Bengali
330,Gloria,Hunt,ghunt95@imdb.com,Female,52,Pakistani,CO,Indonesian
331,Cynthia,Ramirez,cramirez96@shop-pro.jp,Female,80,Eskimo,DC,Tajik
332,Virginia,Fields,vfields97@ycombinator.com,Female,18,Vietnamese,OK,Japanese
333,Doris,Little,dlittle98@cmu.edu,Female,17,Latin American Indian,HI,Bislama
334,Shawn,Lewis,slewis99@statcounter.com,Male,7,Filipino,CA,Persian
335,Walter,Peterson,wpeterson9a@cornell.edu,Male,65,Pakistani,MA,Kurdish
336,Joseph,Davis,jdavis9b@angelfire.com,Male,88,Chinese,NY,Bengali
337,Mary,Wells,mwells9c@purevolume.com,Female,74,Navajo,PA,Punjabi
338,Kathy,Sims,ksims9d@issuu.com,Female,5,Aleut,AZ,Punjabi
339,Howard,Vasquez,hvasquez9e@nytimes.com,Male,12,Nicaraguan,IN,Korean
340,Anthony,Kelley,akelley9f@dion.ne.jp,Male,26,American Indian,MI,Malagasy
341,Roy,Anderson,randerson9g@odnoklassniki.ru,Male,21,Chippewa,IL,Bulgarian
342,Randy,Carter,rcarter9h@bandcamp.com,Male,8,Pakistani,MI,Quechua
343,Larry,Price,lprice9i@hexun.com,Male,79,Ute,NJ,Malayalam
344,Timothy,Murphy,tmurphy9j@digg.com,Male,66,Bolivian,TX,Lao
345,Marilyn,Green,mgreen9k@ning.com,Female,43,Guamanian,LA,Aymara
346,Walter,Mason,wmason9l@wikia.com,Male,65,Melanesian,KY,Chinese
347,Lisa,Jordan,ljordan9m@miitbeian.gov.cn,Female,35,Pima,MA,Malagasy
348,Virginia,Gomez,vgomez9n@fema.gov,Female,11,Colombian,NC,Latvian
349,Tammy,Black,tblack9o@ted.com,Female,13,Samoan,NV,Italian
350,Elizabeth,Moreno,emoreno9p@hp.com,Female,53,Chamorro,FL,Finnish
351,Ruth,Clark,rclark9q@cam.ac.uk,Female,79,Guatemalan,PA,Somali
352,Jacqueline,Sims,jsims9r@ibm.com,Female,60,Tlingit-Haida,OK,Greek
353,Johnny,Dixon,jdixon9s@cyberchimps.com,Male,87,Central American,CA,Armenian
354,Carolyn,Butler,cbutler9t@shinystat.com,Female,3,Nicaraguan,OR,Zulu
355,Barbara,Knight,bknight9u@comcast.net,Female,90,Cheyenne,DC,Polish
356,Phillip,Oliver,poliver9v@phoca.cz,Male,91,White,MO,Fijian
357,Diana,Palmer,dpalmer9w@youku.com,Female,10,Houma,NH,Filipino
358,Theresa,Graham,tgraham9x@pinterest.com,Female,19,Crow,FL,Mongolian
359,Alan,Stanley,astanley9y@cam.ac.uk,Male,15,Kiowa,MA,Haitian Creole
360,Shawn,Kennedy,skennedy9z@usnews.com,Male,63,Laotian,CA,Hiri Motu
361,Rose,Harper,rharpera0@devhub.com,Female,40,Chippewa,UT,Albanian
362,Albert,Hunter,ahuntera1@ox.ac.uk,Male,37,Guamanian,NY,Kannada
363,Randy,James,rjamesa2@businessweek.com,Male,70,Panamanian,VA,Macedonian
364,Barbara,Graham,bgrahama3@google.pl,Female,37,Bolivian,VA,Tswana
365,Charles,Johnson,cjohnsona4@drupal.org,Male,59,Asian,PA,Fijian
366,Jean,Rice,jricea5@barnesandnoble.com,Female,79,Ute,VA,Marathi
367,Catherine,Hayes,chayesa6@stumbleupon.com,Female,2,Polynesian,AL,Luxembourgish
368,Rose,Woods,rwoodsa7@amazon.co.uk,Female,34,Fijian,OH,Tetum
369,Christine,Stevens,cstevensa8@twitpic.com,Female,23,Pakistani,MT,Afrikaans
370,Jeremy,Miller,jmillera9@dropbox.com,Male,65,Uruguayan,FL,Khmer
371,Roy,Ellis,rellisaa@toplist.cz,Male,57,Hmong,CA,Lithuanian
372,Rachel,Lane,rlaneab@desdev.cn,Female,94,Chilean,DC,Mongolian
373,Sandra,Cox,scoxac@indiegogo.com,Female,60,Nicaraguan,NY,Kashmiri
374,Stephanie,Wood,swoodad@tinyurl.com,Female,89,South American,AZ,Czech
375,Frances,Gomez,fgomezae@phpbb.com,Female,58,Apache,TX,Gagauz
376,Scott,Crawford,scrawfordaf@histats.com,Male,47,Polynesian,NY,Malay
377,Anthony,Spencer,aspencerag@tripadvisor.com,Male,85,Osage,IL,Khmer
378,Joe,Grant,jgrantah@independent.co.uk,Male,30,Native Hawaiian and Other Pacific Islander (NHPI),OH,Sotho
379,Peter,Duncan,pduncanai@house.gov,Male,45,Bangladeshi,CO,Māori
380,Aaron,Jordan,ajordanaj@wikimedia.org,Male,81,Yakama,AL,Lithuanian
381,Philip,Crawford,pcrawfordak@vk.com,Male,48,Asian,KY,Indonesian
382,Bobby,White,bwhiteal@businessweek.com,Male,62,Asian,CA,Kazakh
383,Jonathan,Burton,jburtonam@csmonitor.com,Male,40,Paraguayan,NY,Tajik
384,Willie,Dean,wdeanan@php.net,Male,54,Malaysian,OK,Luxembourgish
385,Christine,Howell,chowellao@fastcompany.com,Female,100,Indonesian,SC,Romanian
386,Samuel,Romero,sromeroap@apache.org,Male,14,Pima,GA,Gagauz
387,Daniel,Medina,dmedinaaq@youtu.be,Male,58,Alaska Native,OH,Georgian
388,Randy,Hawkins,rhawkinsar@wired.com,Male,75,Bangladeshi,OH,Thai
389,Jean,Wheeler,jwheeleras@mozilla.com,Female,12,Blackfeet,NY,Japanese
390,Richard,Morales,rmoralesat@lycos.com,Male,61,Argentinian,CO,Romanian
391,Bruce,Lewis,blewisau@yale.edu,Male,65,Chickasaw,MD,Haitian Creole
392,Amanda,Knight,aknightav@fastcompany.com,Female,37,Chippewa,CA,Estonian
393,Lori,Sanders,lsandersaw@walmart.com,Female,70,Chickasaw,AL,Hindi
394,Shawn,Arnold,sarnoldax@chicagotribune.com,Male,2,Peruvian,MD,Tetum
395,Angela,Sims,asimsay@skyrock.com,Female,59,Yuman,IL,Amharic
396,Stephanie,Hart,shartaz@psu.edu,Female,83,Cuban,GA,Gagauz
397,Arthur,Barnes,abarnesb0@amazon.co.uk,Male,15,Taiwanese,PA,Tamil
398,Juan,Carroll,jcarrollb1@huffingtonpost.com,Male,74,Cambodian,CA,Papiamento
399,Karen,Sims,ksimsb2@biglobe.ne.jp,Female,49,Hmong,MD,Dhivehi
400,Patrick,Elliott,pelliottb3@wired.com,Male,62,Hmong,TX,Mongolian
401,David,Alexander,dalexanderb4@trellian.com,Male,51,Hmong,MN,Chinese
402,Judy,Bryant,jbryantb5@redcross.org,Female,19,Malaysian,FL,Belarusian
403,Phillip,Martinez,pmartinezb6@adobe.com,Male,91,Seminole,RI,Nepali
404,Jesse,Reynolds,jreynoldsb7@deliciousdays.com,Male,96,Panamanian,AZ,Latvian
405,Bruce,Willis,bwillisb8@chron.com,Male,26,Cheyenne,CA,New Zealand Sign Language
406,Sandra,Washington,swashingtonb9@webnode.com,Female,70,Colville,NC,Nepali
407,Kathleen,Schmidt,kschmidtba@smugmug.com,Female,40,Costa Rican,CA,Gujarati
408,Karen,Simmons,ksimmonsbb@booking.com,Female,35,Latin American Indian,GA,Malagasy
409,Raymond,Ryan,rryanbc@cloudflare.com,Male,65,Hmong,MO,Tetum
410,Irene,Arnold,iarnoldbd@gravatar.com,Female,69,Alaskan Athabascan,OR,Italian
411,Fred,Wallace,fwallacebe@ucoz.com,Male,56,Venezuelan,CA,Dhivehi
412,Ryan,Ford,rfordbf@tripod.com,Male,2,Ute,TN,Belarusian
413,Craig,Meyer,cmeyerbg@cafepress.com,Male,39,Fijian,OH,Somali
414,Kimberly,Fields,kfieldsbh@indiegogo.com,Female,50,Choctaw,OR,Estonian
415,Beverly,Taylor,btaylorbi@nba.com,Female,6,Japanese,MD,Kazakh
416,Kathryn,Cook,kcookbj@smugmug.com,Female,39,Mexican,MA,Filipino
417,Wanda,Flores,wfloresbk@soundcloud.com,Female,46,Potawatomi,AZ,Korean
418,Johnny,Green,jgreenbl@webeden.co.uk,Male,26,Potawatomi,VA,Malayalam
419,Christina,Lee,cleebm@dailymail.co.uk,Female,12,Aleut,WV,Kazakh
420,Anne,Lewis,alewisbn@bloglovin.com,Female,7,Tohono O'Odham,PA,Moldovan
421,Mary,Carr,mcarrbo@imdb.com,Female,58,Puerto Rican,CT,Gujarati
422,Katherine,Welch,kwelchbp@addtoany.com,Female,92,Delaware,NJ,Punjabi
423,Earl,Stephens,estephensbq@fotki.com,Male,95,Colville,AK,Malagasy
424,Peter,Daniels,pdanielsbr@salon.com,Male,66,Chickasaw,DC,Hindi
425,Randy,Lane,rlanebs@intel.com,Male,16,Hmong,KY,Quechua
426,Steve,Baker,sbakerbt@rambler.ru,Male,69,Kiowa,DC,Montenegrin
427,Daniel,Smith,dsmithbu@discovery.com,Male,59,Aleut,CA,Punjabi
428,Mary,Lawson,mlawsonbv@about.me,Female,57,Guatemalan,PA,Korean
429,Phyllis,Hudson,phudsonbw@tmall.com,Female,62,Delaware,NY,Malagasy
430,Andrew,Hunter,ahunterbx@google.com,Male,89,Black or African American,IN,French
431,Shawn,Banks,sbanksby@ox.ac.uk,Male,97,Creek,TX,Belarusian
432,Sara,Stone,sstonebz@yellowpages.com,Female,97,Chippewa,CO,Punjabi
433,Diane,Day,ddayc0@ow.ly,Female,46,Indonesian,FL,Hindi
434,Ralph,Wells,rwellsc1@webs.com,Male,41,Latin American Indian,DC,Punjabi
435,Maria,James,mjamesc2@aol.com,Female,69,Venezuelan,CA,Fijian
436,Harry,Butler,hbutlerc3@cmu.edu,Male,80,Tlingit-Haida,PA,Kazakh
437,Brandon,Harris,bharrisc4@wp.com,Male,57,Peruvian,TX,Ndebele
438,Christina,Stewart,cstewartc5@vk.com,Female,75,Chinese,TN,Malay
439,Billy,Castillo,bcastilloc6@yahoo.com,Male,43,Pima,NY,Montenegrin
440,Catherine,Henry,chenryc7@pcworld.com,Female,9,Aleut,MN,Catalan
441,Gloria,Armstrong,garmstrongc8@feedburner.com,Female,22,Paiute,CA,Tswana
442,Mark,Martin,mmartinc9@mlb.com,Male,77,Pima,FL,Bengali
443,Carlos,Medina,cmedinaca@cnbc.com,Male,59,Paiute,TX,Chinese
444,Joseph,Frazier,jfraziercb@ovh.net,Male,37,Mexican,FL,Lao
445,Rachel,Andrews,randrewscc@reuters.com,Female,33,Micronesian,MI,Belarusian
446,Earl,Burns,eburnscd@chron.com,Male,1,Dominican (Dominican Republic),FL,Ndebele
447,James,Butler,jbutlerce@addtoany.com,Male,90,Japanese,CA,Hindi
448,Melissa,Hernandez,mhernandezcf@discuz.net,Female,42,Japanese,PA,Malayalam
449,Pamela,Diaz,pdiazcg@vk.com,Female,22,Chippewa,NY,Moldovan
450,Timothy,Johnson,tjohnsonch@youtu.be,Male,75,Latin American Indian,LA,Irish Gaelic
451,Jason,Banks,jbanksci@trellian.com,Male,60,Salvadoran,CO,Tswana
452,Brian,Baker,bbakercj@yandex.ru,Male,19,Honduran,NY,Aymara
453,Lillian,Burns,lburnsck@wikia.com,Female,92,Nicaraguan,DC,Danish
454,Stephanie,Snyder,ssnydercl@nasa.gov,Female,81,Latin American Indian,TX,Northern Sotho
455,Janet,Ross,jrosscm@latimes.com,Female,32,Ute,IN,Māori
456,Carlos,Bell,cbellcn@freewebs.com,Male,91,Asian,DC,Somali
457,Ryan,Powell,rpowellco@multiply.com,Male,10,Choctaw,LA,Bosnian
458,Sandra,Butler,sbutlercp@networksolutions.com,Female,3,American Indian,PA,Macedonian
459,Judith,Oliver,jolivercq@fotki.com,Female,56,Paraguayan,SC,Tajik
460,Jesse,Williamson,jwilliamsoncr@icio.us,Male,92,White,AZ,Punjabi
461,Johnny,Carter,jcartercs@nsw.gov.au,Male,24,Micronesian,CA,West Frisian
462,Antonio,Garza,agarzact@a8.net,Male,55,Nicaraguan,VA,Oriya
463,Kathryn,Mason,kmasoncu@slashdot.org,Female,91,Ute,TX,Oriya
464,Lawrence,Crawford,lcrawfordcv@delicious.com,Male,13,Tongan,CO,Tetum
465,Ronald,Ellis,relliscw@miibeian.gov.cn,Male,2,Cuban,WV,Burmese
466,Andrea,Clark,aclarkcx@dyndns.org,Female,72,Central American,NY,Indonesian
467,Christina,Torres,ctorrescy@hatena.ne.jp,Female,7,Argentinian,TX,Malay
468,Wanda,Watson,wwatsoncz@google.es,Female,37,Polynesian,MN,Indonesian
469,Lois,Harrison,lharrisond0@technorati.com,Female,82,Cree,NC,Arabic
470,Andrew,Price,apriced1@mapy.cz,Male,81,Ecuadorian,OH,Assamese
471,Chris,Hughes,chughesd2@seattletimes.com,Male,49,Asian Indian,FL,Northern Sotho
472,Janice,Davis,jdavisd3@amazon.co.uk,Female,99,Delaware,NV,Pashto
473,Henry,Hunter,hhunterd4@skyrock.com,Male,78,Vietnamese,TN,Aymara
474,Todd,Howard,thowardd5@google.pl,Male,79,Chippewa,CA,Punjabi
475,Rose,Olson,rolsond6@soup.io,Female,62,Paiute,CO,Marathi
476,Michelle,Moore,mmoored7@phoca.cz,Female,99,Hmong,TX,Danish
477,James,Murray,jmurrayd8@wikimedia.org,Male,91,Alaskan Athabascan,OK,Burmese
478,Michelle,Wallace,mwallaced9@cbc.ca,Female,33,Ecuadorian,OK,Greek
479,Lawrence,Harvey,lharveyda@instagram.com,Male,97,Guatemalan,OK,Bengali
480,Jack,Reyes,jreyesdb@usda.gov,Male,100,Chippewa,TN,Tajik
481,Dennis,Phillips,dphillipsdc@webmd.com,Male,6,Pakistani,CA,Bulgarian
482,Kenneth,Lee,kleedd@ebay.co.uk,Male,33,Cheyenne,CO,Tetum
483,Robert,Rose,rrosede@cbc.ca,Male,48,Pueblo,PA,Bengali
484,Doris,Freeman,dfreemandf@webs.com,Female,100,Nicaraguan,PA,Tetum
485,Walter,Fuller,wfullerdg@fc2.com,Male,84,Chickasaw,CO,Pashto
486,Karen,Stone,kstonedh@photobucket.com,Female,31,Lumbee,VA,Papiamento
487,Jacqueline,Stevens,jstevensdi@altervista.org,Female,39,Eskimo,PA,Dhivehi
488,George,Torres,gtorresdj@biblegateway.com,Male,11,Pima,NY,Māori
489,Joe,Bell,jbelldk@friendfeed.com,Male,65,Pima,FL,Bulgarian
490,Deborah,Brooks,dbrooksdl@timesonline.co.uk,Female,43,Tohono O'Odham,TX,Dutch
491,Amanda,Hernandez,ahernandezdm@nytimes.com,Female,64,Tlingit-Haida,CO,Hebrew
492,Ryan,Franklin,rfranklindn@arstechnica.com,Male,45,Chickasaw,CA,Kyrgyz
493,Jason,Reid,jreiddo@hatena.ne.jp,Male,3,Tlingit-Haida,NY,Macedonian
494,Carl,Gordon,cgordondp@myspace.com,Male,18,Thai,MN,Persian
495,Ronald,Ross,rrossdq@tmall.com,Male,61,Yuman,MI,Norwegian
496,Steve,Allen,sallendr@europa.eu,Male,12,Alaskan Athabascan,TX,Tajik
497,Willie,White,wwhiteds@angelfire.com,Male,14,Potawatomi,CA,Greek
498,Joseph,Ferguson,jfergusondt@mtv.com,Male,87,Chamorro,NY,Mongolian
499,Albert,Bishop,abishopdu@gnu.org,Male,46,Guatemalan,NE,Hungarian
500,Julie,Torres,jtorresdv@indiatimes.com,Female,20,White,PA,Hungarian
501,Shawn,Evans,sevansdw@jugem.jp,Male,3,Navajo,TX,Italian
502,Heather,Ruiz,hruizdx@icq.com,Female,59,Potawatomi,CT,Amharic
503,Brian,Graham,bgrahamdy@dot.gov,Male,63,Vietnamese,GA,Georgian
504,Mildred,Cook,mcookdz@free.fr,Female,40,Nicaraguan,NV,Lao
505,Judith,Roberts,jrobertse0@xing.com,Female,35,Ute,SC,English
506,Raymond,Murray,rmurraye1@nih.gov,Male,44,Pueblo,NY,Chinese
507,Kathleen,Burns,kburnse2@paginegialle.it,Female,97,Latin American Indian,TN,Maltese
508,Cynthia,Hill,chille3@w3.org,Female,34,Navajo,TX,Macedonian
509,Marie,Lane,mlanee4@loc.gov,Female,92,Melanesian,TX,Haitian Creole
510,Rose,Harrison,rharrisone5@si.edu,Female,51,Cherokee,PA,Swahili
511,Jessica,Morales,jmoralese6@hubpages.com,Female,44,Paiute,LA,Montenegrin
512,Jane,Alexander,jalexandere7@mashable.com,Female,40,Laotian,MA,Bislama
513,Sarah,Robinson,srobinsone8@printfriendly.com,Female,24,Chinese,IN,Swedish
514,David,Bishop,dbishope9@purevolume.com,Male,43,Delaware,OH,Gujarati
515,Annie,Hawkins,ahawkinsea@lycos.com,Female,79,Salvadoran,IN,Portuguese
516,Norma,Kelly,nkellyeb@alexa.com,Female,72,Creek,MO,Dutch
517,Frank,Fuller,ffullerec@jalbum.net,Male,2,Micronesian,WA,Thai
518,Janice,Spencer,jspencered@altervista.org,Female,64,Lumbee,AL,Ndebele
519,Lisa,Harvey,lharveyee@wordpress.com,Female,36,Latin American Indian,WV,Hebrew
520,David,Reyes,dreyesef@posterous.com,Male,84,Uruguayan,CA,Bulgarian
521,Arthur,Owens,aowenseg@yellowbook.com,Male,92,Bolivian,FL,Lao
522,Jean,Bishop,jbishopeh@skyrock.com,Female,82,Polynesian,MO,Malayalam
523,Gary,Stevens,gstevensei@aboutads.info,Male,64,Choctaw,AL,Croatian
524,Kathryn,Franklin,kfranklinej@google.fr,Female,84,Asian Indian,AK,Armenian
525,Johnny,Mccoy,jmccoyek@i2i.jp,Male,55,Panamanian,CO,English
526,Billy,Jordan,bjordanel@blogger.com,Male,26,Venezuelan,MN,Latvian
527,Eric,Wallace,ewallaceem@addthis.com,Male,12,Hmong,CO,Romanian
528,Adam,Myers,amyersen@google.com.br,Male,53,Bangladeshi,OH,Arabic
529,Wanda,Scott,wscotteo@gmpg.org,Female,94,Sioux,OH,Maltese
530,Billy,Cole,bcoleep@oaic.gov.au,Male,73,Samoan,WV,Finnish
531,Margaret,Diaz,mdiazeq@telegraph.co.uk,Female,13,Yakama,NE,Somali
532,Juan,Turner,jturnerer@businessweek.com,Male,11,Asian,MO,New Zealand Sign Language
533,Michael,Stone,mstonees@yahoo.co.jp,Male,1,Pueblo,TN,Kannada
534,Jennifer,Powell,jpowellet@ed.gov,Female,98,Chickasaw,WA,Telugu
535,Martha,Mason,mmasoneu@ovh.net,Female,89,Alaskan Athabascan,PA,Korean
536,Mark,Fernandez,mfernandezev@answers.com,Male,63,Argentinian,FL,Aymara
537,Lisa,Robertson,lrobertsonew@360.cn,Female,25,Iroquois,CA,Dhivehi
538,Juan,Burns,jburnsex@dailymail.co.uk,Male,68,Kiowa,IL,Zulu
539,Billy,Morris,bmorrisey@yellowpages.com,Male,62,Paiute,NY,Italian
540,Gary,Mason,gmasonez@alibaba.com,Male,81,Puget Sound Salish,WA,Quechua
541,Gloria,Price,gpricef0@google.nl,Female,32,Potawatomi,MN,Kashmiri
542,Angela,Day,adayf1@etsy.com,Female,9,Ute,IL,Papiamento
543,Jeffrey,Bell,jbellf2@typepad.com,Male,24,Shoshone,GA,Afrikaans
544,Edward,Scott,escottf3@virginia.edu,Male,79,Polynesian,OR,Kyrgyz
545,Tammy,Clark,tclarkf4@google.com.hk,Female,89,American Indian and Alaska Native (AIAN),OH,Albanian
546,Jerry,Williamson,jwilliamsonf5@privacy.gov.au,Male,71,Comanche,NY,Dzongkha
547,Jane,Lawrence,jlawrencef6@ed.gov,Female,81,Lumbee,DC,Georgian
548,Phillip,Lopez,plopezf7@columbia.edu,Male,3,Bolivian,WA,West Frisian
549,Phillip,Mitchell,pmitchellf8@xinhuanet.com,Male,10,Tongan,MA,Bislama
550,Joseph,Reyes,jreyesf9@comsenz.com,Male,43,Eskimo,AZ,Moldovan
551,Anne,Lopez,alopezfa@bandcamp.com,Female,83,Cherokee,ID,Dari
552,Gregory,Willis,gwillisfb@scribd.com,Male,4,Filipino,CA,Dari
553,Susan,Walker,swalkerfc@oakley.com,Female,92,Puerto Rican,VA,Tok Pisin
554,Tammy,Rivera,triverafd@devhub.com,Female,30,American Indian and Alaska Native (AIAN),WI,Chinese
555,Anne,Peterson,apetersonfe@xing.com,Female,2,Asian Indian,CT,Tetum
556,Margaret,Barnes,mbarnesff@unc.edu,Female,42,Paraguayan,LA,Papiamento
557,Larry,Carpenter,lcarpenterfg@huffingtonpost.com,Male,63,Melanesian,NV,Japanese
558,James,Gray,jgrayfh@quantcast.com,Male,75,Cherokee,DE,Telugu
559,Philip,Carroll,pcarrollfi@gov.uk,Male,13,Kiowa,TX,Luxembourgish
560,Chris,Hudson,chudsonfj@amazonaws.com,Male,33,Venezuelan,CA,Dzongkha
561,Ernest,George,egeorgefk@slate.com,Male,28,Asian,SC,Icelandic
562,Kimberly,Riley,krileyfl@bbc.co.uk,Female,96,Laotian,NY,Gagauz
563,Lillian,West,lwestfm@ucla.edu,Female,98,Spaniard,NY,Quechua
564,Russell,Jacobs,rjacobsfn@pen.io,Male,19,Nicaraguan,FL,Kannada
565,Earl,Stevens,estevensfo@twitpic.com,Male,62,American Indian,OH,Danish
566,Bruce,Palmer,bpalmerfp@wp.com,Male,73,Korean,IA,Haitian Creole
567,Kevin,Mccoy,kmccoyfq@msn.com,Male,19,Latin American Indian,TX,Tajik
568,Ashley,Willis,awillisfr@alexa.com,Female,96,Tohono O'Odham,TX,Kannada
569,Harold,Kelley,hkelleyfs@cpanel.net,Male,28,Venezuelan,TX,Aymara
570,Judy,Moreno,jmorenoft@simplemachines.org,Female,51,Seminole,AZ,Kurdish
571,Carolyn,Elliott,celliottfu@sourceforge.net,Female,44,Salvadoran,GA,Guaraní
572,Louis,George,lgeorgefv@taobao.com,Male,29,Creek,NY,Aymara
573,Evelyn,Harris,eharrisfw@unblog.fr,Female,92,Menominee,CA,Tajik
574,Lillian,Thompson,lthompsonfx@posterous.com,Female,39,Native Hawaiian,MO,Hiri Motu
575,Billy,Fernandez,bfernandezfy@addtoany.com,Male,69,Yuman,VA,Tsonga
576,Andrea,Webb,awebbfz@slashdot.org,Female,23,Guamanian,FL,Kazakh
577,Ashley,Owens,aowensg0@ifeng.com,Female,63,Cree,PA,Swahili
578,Rebecca,Gardner,rgardnerg1@studiopress.com,Female,60,Creek,NC,Albanian
579,Kathy,Ray,krayg2@who.int,Female,40,Spaniard,OK,Dari
580,Betty,Hall,bhallg3@photobucket.com,Female,45,Filipino,GA,Swahili
581,Ruth,Harris,rharrisg4@freewebs.com,Female,57,Argentinian,SC,Somali
582,Kevin,Perkins,kperkinsg5@icq.com,Male,52,Mexican,MO,French
583,Norma,Hunt,nhuntg6@slate.com,Female,100,Navajo,IA,Dzongkha
584,Janet,Alvarez,jalvarezg7@usgs.gov,Female,87,Ecuadorian,CA,Hiri Motu
585,Brian,Wright,bwrightg8@acquirethisname.com,Male,2,Japanese,DC,Telugu
586,Cynthia,Elliott,celliottg9@cafepress.com,Female,79,Korean,CA,New Zealand Sign Language
587,Lillian,Tucker,ltuckerga@jiathis.com,Female,60,Melanesian,FL,West Frisian
588,Norma,Ramirez,nramirezgb@epa.gov,Female,83,Mexican,MO,Mongolian
589,Jimmy,Clark,jclarkgc@washingtonpost.com,Male,65,Melanesian,CA,Fijian
590,Sean,Shaw,sshawgd@sphinn.com,Male,94,Korean,TX,Estonian
591,Julie,Stewart,jstewartge@rakuten.co.jp,Female,59,Comanche,OH,Italian
592,Ruby,Daniels,rdanielsgf@wikispaces.com,Female,82,Pima,TN,French
593,Willie,Nichols,wnicholsgg@odnoklassniki.ru,Male,28,Chinese,NC,Bislama
594,Debra,Walker,dwalkergh@issuu.com,Female,20,Cambodian,KY,Hindi
595,Aaron,Jordan,ajordangi@lycos.com,Male,62,Asian,PA,Tswana
596,Clarence,Young,cyounggj@mozilla.com,Male,55,Panamanian,IA,Icelandic
597,Laura,Clark,lclarkgk@ning.com,Female,79,Native Hawaiian and Other Pacific Islander (NHPI),NY,Japanese
598,Michelle,Brown,mbrowngl@tiny.cc,Female,47,White,MO,Telugu
599,Joshua,Clark,jclarkgm@studiopress.com,Male,74,Kiowa,TX,Albanian
600,Donna,Jackson,djacksongn@google.co.jp,Female,2,Panamanian,DC,Gujarati
601,Diane,Ruiz,druizgo@netvibes.com,Female,37,Cherokee,GA,Swati
602,Kathryn,Stone,kstonegp@cyberchimps.com,Female,81,Bolivian,TX,Finnish
603,Ashley,Mccoy,amccoygq@go.com,Female,42,Sri Lankan,LA,Azeri
604,Janice,Peterson,jpetersongr@baidu.com,Female,66,Cheyenne,IN,Telugu
605,Walter,Franklin,wfranklings@qq.com,Male,66,Navajo,NC,Filipino
606,Donald,Stewart,dstewartgt@scribd.com,Male,33,Aleut,TX,Armenian
607,Eric,Gomez,egomezgu@xing.com,Male,62,Cuban,TX,Mongolian
608,Theresa,Olson,tolsongv@walmart.com,Female,61,Chippewa,CA,Dari
609,Maria,Daniels,mdanielsgw@mac.com,Female,85,Menominee,TX,Macedonian
610,Mildred,Hanson,mhansongx@japanpost.jp,Female,91,Nicaraguan,TX,Macedonian
611,Alan,Allen,aallengy@artisteer.com,Male,49,Paiute,ND,Assamese
612,Robert,Harris,rharrisgz@last.fm,Male,15,Kiowa,CT,Bosnian
613,Tammy,Brooks,tbrooksh0@vinaora.com,Female,37,Choctaw,FL,Bulgarian
614,Terry,Simpson,tsimpsonh1@a8.net,Male,19,Polynesian,NC,Thai
615,Lois,Hunt,lhunth2@bloglines.com,Female,40,Black or African American,AZ,Estonian
616,Roger,Anderson,randersonh3@smugmug.com,Male,99,Cambodian,AL,Finnish
617,Billy,Mason,bmasonh4@com.com,Male,97,Puget Sound Salish,TN,Finnish
618,Susan,Rivera,sriverah5@ted.com,Female,12,Thai,WI,Kyrgyz
619,Linda,Lee,lleeh6@seesaa.net,Female,34,Panamanian,WA,Czech
620,Debra,Wagner,dwagnerh7@census.gov,Female,37,Filipino,TX,Icelandic
621,Edward,Webb,ewebbh8@engadget.com,Male,28,Cherokee,SC,Zulu
622,Arthur,Kim,akimh9@webmd.com,Male,26,Polynesian,KS,Montenegrin
623,Paul,Sims,psimsha@creativecommons.org,Male,88,Vietnamese,TX,Estonian
624,Lisa,Morris,lmorrishb@elpais.com,Female,40,Asian,KS,Kashmiri
625,Ann,Lynch,alynchhc@springer.com,Female,71,Iroquois,NY,Burmese
626,Scott,Richards,srichardshd@wikipedia.org,Male,42,South American,TX,Guaraní
627,Sandra,Greene,sgreenehe@toplist.cz,Female,5,Guamanian,DC,Bosnian
628,Scott,Cruz,scruzhf@lycos.com,Male,82,Menominee,TX,Nepali
629,Juan,Daniels,jdanielshg@constantcontact.com,Male,54,Honduran,UT,Luxembourgish
630,Martha,Little,mlittlehh@macromedia.com,Female,88,Black or African American,AR,Catalan
631,Jeffrey,Jenkins,jjenkinshi@mysql.com,Male,56,Osage,TX,Azeri
632,Daniel,Fisher,dfisherhj@ycombinator.com,Male,32,Ute,FL,Maltese
633,Julia,Chavez,jchavezhk@aboutads.info,Female,30,Laotian,NV,Northern Sotho
634,Sandra,Lee,sleehl@privacy.gov.au,Female,7,Cheyenne,MI,Tajik
635,Joe,Harper,jharperhm@tamu.edu,Male,37,Bangladeshi,CA,Dhivehi
636,Maria,Lawrence,mlawrencehn@networkadvertising.org,Female,26,Sioux,CA,Moldovan
637,Robert,Rose,rroseho@sitemeter.com,Male,34,Cambodian,MD,West Frisian
638,Steve,Fox,sfoxhp@addtoany.com,Male,15,Filipino,CA,Punjabi
639,Rachel,Armstrong,rarmstronghq@over-blog.com,Female,84,Pakistani,GA,Persian
640,Willie,Green,wgreenhr@economist.com,Male,14,Cambodian,CT,Tswana
641,Peter,Martin,pmartinhs@prweb.com,Male,88,Micronesian,NY,Persian
642,Kevin,Lawrence,klawrenceht@apache.org,Male,100,Hmong,TN,Amharic
643,Gary,Burton,gburtonhu@usda.gov,Male,36,White,NY,Kyrgyz
644,Dennis,Warren,dwarrenhv@google.com.hk,Male,57,Uruguayan,WV,Hindi
645,Lisa,Howell,lhowellhw@mail.ru,Female,63,White,WI,Arabic
646,Jacqueline,Carter,jcarterhx@princeton.edu,Female,26,Ottawa,NC,West Frisian
647,Gregory,Rose,grosehy@google.it,Male,93,White,NM,Filipino
648,Janet,Richardson,jrichardsonhz@dailymotion.com,Female,58,Peruvian,TX,Korean
649,Margaret,Hamilton,mhamiltoni0@dailymail.co.uk,Female,43,Yaqui,NY,Icelandic
650,Jimmy,Nguyen,jnguyeni1@businessinsider.com,Male,61,Seminole,VA,Dari
651,Steven,Medina,smedinai2@forbes.com,Male,20,Shoshone,GA,Irish Gaelic
652,Matthew,Griffin,mgriffini3@nhs.uk,Male,28,Argentinian,FL,Malagasy
653,Todd,Murray,tmurrayi4@cyberchimps.com,Male,16,Taiwanese,FL,Dutch
654,Antonio,Thompson,athompsoni5@smugmug.com,Male,47,Native Hawaiian and Other Pacific Islander (NHPI),MN,Finnish
655,Larry,Foster,lfosteri6@cargocollective.com,Male,46,Ottawa,TX,Haitian Creole
656,Sara,Arnold,sarnoldi7@ehow.com,Female,40,Chinese,MN,Guaraní
657,Rebecca,Torres,rtorresi8@photobucket.com,Female,57,Central American,CA,Korean
658,Mark,Richards,mrichardsi9@hostgator.com,Male,100,Uruguayan,TX,Japanese
659,Andrew,Webb,awebbia@reddit.com,Male,23,Central American,KY,Kannada
660,Pamela,Morrison,pmorrisonib@angelfire.com,Female,28,Polynesian,AZ,Lao
661,Martin,Carroll,mcarrollic@mozilla.org,Male,6,Guamanian,NC,French
662,Joe,Wheeler,jwheelerid@booking.com,Male,65,Houma,MA,Guaraní
663,Carolyn,Hamilton,chamiltonie@usnews.com,Female,71,Ottawa,OH,Portuguese
664,Randy,Patterson,rpattersonif@uol.com.br,Male,98,Central American,WI,Portuguese
665,Deborah,Murphy,dmurphyig@lulu.com,Female,100,Taiwanese,PA,Armenian
666,Eugene,Richardson,erichardsonih@plala.or.jp,Male,30,Chickasaw,NY,Kashmiri
667,Phyllis,Burns,pburnsii@comsenz.com,Female,21,Tohono O'Odham,TX,Finnish
668,Gary,Fuller,gfullerij@google.it,Male,65,Tohono O'Odham,OH,Assamese
669,Raymond,Collins,rcollinsik@biblegateway.com,Male,27,Sri Lankan,FL,English
670,Jacqueline,Wheeler,jwheeleril@lycos.com,Female,70,Alaskan Athabascan,NJ,Latvian
671,Denise,Walker,dwalkerim@livejournal.com,Female,20,Micronesian,AL,Zulu
672,Ann,Vasquez,avasquezin@ed.gov,Female,1,Lumbee,FL,Guaraní
673,Karen,Mendoza,kmendozaio@issuu.com,Female,20,Pima,TX,Hindi
674,William,Lee,wleeip@fotki.com,Male,65,Pima,CT,Greek
675,Roy,Olson,rolsoniq@bbb.org,Male,50,Iroquois,CO,Persian
676,Ernest,Grant,egrantir@shop-pro.jp,Male,92,Bangladeshi,TX,Portuguese
677,Randy,Sanchez,rsanchezis@tinypic.com,Male,73,Cuban,CA,Dutch
678,Tammy,Daniels,tdanielsit@barnesandnoble.com,Female,44,Choctaw,IL,Czech
679,Sara,Jones,sjonesiu@pinterest.com,Female,76,American Indian and Alaska Native (AIAN),KY,Hiri Motu
680,Jeremy,Scott,jscottiv@webs.com,Male,66,Colville,ND,Japanese
681,Paul,Nguyen,pnguyeniw@biglobe.ne.jp,Male,27,Sioux,FL,Hindi
682,Diane,Kelly,dkellyix@upenn.edu,Female,7,Dominican (Dominican Republic),OH,Filipino
683,Nicole,Stanley,nstanleyiy@cornell.edu,Female,79,Tlingit-Haida,CA,Haitian Creole
684,Craig,Ross,crossiz@patch.com,Male,44,Pueblo,NY,Luxembourgish
685,James,Palmer,jpalmerj0@amazon.de,Male,82,Tlingit-Haida,NE,Oriya
686,Shirley,Austin,saustinj1@elpais.com,Female,68,Cuban,CO,Czech
687,Kevin,Woods,kwoodsj2@ocn.ne.jp,Male,16,White,DC,Bengali
688,Timothy,Marshall,tmarshallj3@tiny.cc,Male,34,Bangladeshi,WA,Afrikaans
689,Michael,Gray,mgrayj4@bbc.co.uk,Male,72,Taiwanese,WA,Lithuanian
690,Janet,Carr,jcarrj5@studiopress.com,Female,53,Colombian,CA,Amharic
691,John,Dixon,jdixonj6@canalblog.com,Male,62,Cuban,UT,Gujarati
692,Robin,Rogers,rrogersj7@ihg.com,Female,79,Tlingit-Haida,CA,Kurdish
693,Antonio,Jones,ajonesj8@ucla.edu,Male,27,Peruvian,IA,Khmer
694,Eugene,Austin,eaustinj9@boston.com,Male,1,Comanche,UT,Malagasy
695,James,Roberts,jrobertsja@hao123.com,Male,36,Uruguayan,MA,Kurdish
696,Paul,Frazier,pfrazierjb@guardian.co.uk,Male,65,Ottawa,DE,Armenian
697,Juan,Cox,jcoxjc@virginia.edu,Male,98,Navajo,KY,Malayalam
698,John,Rivera,jriverajd@simplemachines.org,Male,76,Aleut,NY,Hindi
699,Paula,Hansen,phansenje@theglobeandmail.com,Female,28,Guamanian,LA,Hiri Motu
700,Andrew,Freeman,afreemanjf@hibu.com,Male,19,Bolivian,MN,Greek
701,Helen,Webb,hwebbjg@acquirethisname.com,Female,92,Samoan,FL,German
702,Shawn,Harris,sharrisjh@goo.gl,Male,61,Taiwanese,TX,Afrikaans
703,Lori,Daniels,ldanielsji@netlog.com,Female,3,Tohono O'Odham,TX,Thai
704,Diana,Stewart,dstewartjj@etsy.com,Female,80,Potawatomi,VA,Icelandic
705,Wanda,Medina,wmedinajk@intel.com,Female,27,Ute,FL,Bislama
706,Russell,Cooper,rcooperjl@umich.edu,Male,92,Pakistani,FL,Hiri Motu
707,Dorothy,Mcdonald,dmcdonaldjm@homestead.com,Female,32,Samoan,OK,Malayalam
708,Keith,Hawkins,khawkinsjn@dot.gov,Male,89,Kiowa,OH,Maltese
709,Carl,Reid,creidjo@cpanel.net,Male,1,Ute,FL,Hiri Motu
710,Harold,Morris,hmorrisjp@exblog.jp,Male,36,Creek,GA,Kurdish
711,Keith,Nichols,knicholsjq@jimdo.com,Male,98,Venezuelan,VA,Bulgarian
712,Julie,Dixon,jdixonjr@phoca.cz,Female,65,Colombian,SC,Montenegrin
713,Ann,Franklin,afranklinjs@studiopress.com,Female,88,Chippewa,MA,Moldovan
714,Stephanie,Weaver,sweaverjt@skype.com,Female,22,Potawatomi,TX,Korean
715,Amanda,Black,ablackju@amazonaws.com,Female,79,Korean,NJ,Khmer
716,Roger,Rodriguez,rrodriguezjv@redcross.org,Male,80,American Indian,OH,Armenian
717,Ruby,Carter,rcarterjw@jugem.jp,Female,62,Taiwanese,FL,Mongolian
718,Theresa,Bailey,tbaileyjx@ameblo.jp,Female,59,Nicaraguan,CA,Kurdish
719,Ruth,Hansen,rhansenjy@webeden.co.uk,Female,63,Yuman,KS,Haitian Creole
720,Laura,Wilson,lwilsonjz@ft.com,Female,5,Osage,VA,Moldovan
721,Steven,Lawson,slawsonk0@economist.com,Male,73,Choctaw,VA,Northern Sotho
722,Angela,Owens,aowensk1@sun.com,Female,36,Venezuelan,SC,Kurdish
723,Phillip,Fox,pfoxk2@vinaora.com,Male,85,American Indian and Alaska Native (AIAN),NY,Khmer
724,Beverly,Morrison,bmorrisonk3@bing.com,Female,2,Cherokee,CA,Malayalam
725,Ryan,Gilbert,rgilbertk4@va.gov,Male,27,White,OH,English
726,Nancy,Gibson,ngibsonk5@cnet.com,Female,48,Puerto Rican,WV,Irish Gaelic
727,Denise,Ellis,dellisk6@github.io,Female,99,Malaysian,FL,Norwegian
728,Frances,Graham,fgrahamk7@soundcloud.com,Female,58,Uruguayan,MS,Czech
729,Raymond,Peterson,rpetersonk8@pinterest.com,Male,73,Spaniard,NY,Kurdish
730,Sara,Johnson,sjohnsonk9@paypal.com,Female,30,Central American,CA,Oriya
731,Craig,Walker,cwalkerka@columbia.edu,Male,75,Spaniard,NY,Dari
732,Carolyn,Ward,cwardkb@nydailynews.com,Female,49,Creek,IA,Kurdish
733,Marilyn,Warren,mwarrenkc@netlog.com,Female,66,Korean,PA,Latvian
734,Roy,Welch,rwelchkd@berkeley.edu,Male,82,Ottawa,CA,Aymara
735,Robin,Olson,rolsonke@springer.com,Female,14,Apache,MI,Catalan
736,Brenda,Howell,bhowellkf@smugmug.com,Female,87,Mexican,WI,Haitian Creole
737,Stephanie,Peters,speterskg@reuters.com,Female,35,Eskimo,MN,Sotho
738,Joyce,Cox,jcoxkh@arstechnica.com,Female,87,Asian Indian,NY,Fijian
739,Ruby,Myers,rmyerski@hibu.com,Female,63,Laotian,VA,Pashto
740,Justin,Washington,jwashingtonkj@desdev.cn,Male,100,Korean,WA,West Frisian
741,Donna,Brown,dbrownkk@java.com,Female,72,Uruguayan,AR,Gagauz
742,Sarah,Cruz,scruzkl@t-online.de,Female,87,Seminole,NY,Czech
743,Gloria,Gibson,ggibsonkm@adobe.com,Female,1,Aleut,NC,Hindi
744,Brandon,Boyd,bboydkn@themeforest.net,Male,88,Malaysian,MO,Belarusian
745,Daniel,Brown,dbrownko@linkedin.com,Male,26,Chinese,TX,Hungarian
746,Mildred,West,mwestkp@dedecms.com,Female,24,Cree,NV,Lao
747,David,Garrett,dgarrettkq@sciencedaily.com,Male,99,Uruguayan,FL,Macedonian
748,Antonio,Carr,acarrkr@utexas.edu,Male,97,Paraguayan,IN,Somali
749,Maria,Shaw,mshawks@shareasale.com,Female,84,American Indian,TN,Romanian
750,Ryan,Grant,rgrantkt@multiply.com,Male,25,Native Hawaiian,NY,Arabic
751,Emily,Alvarez,ealvarezku@goodreads.com,Female,49,Iroquois,HI,Portuguese
752,Raymond,Clark,rclarkkv@ustream.tv,Male,56,American Indian,TX,Kazakh
753,Walter,Knight,wknightkw@fema.gov,Male,73,Colombian,CA,Kyrgyz
754,Jean,Sanchez,jsanchezkx@miibeian.gov.cn,Female,66,Alaskan Athabascan,OH,Northern Sotho
755,Diana,Thompson,dthompsonky@wufoo.com,Female,16,Puerto Rican,FL,Hiri Motu
756,Adam,Bowman,abowmankz@elpais.com,Male,84,Hmong,VA,Indonesian
757,Donald,Cooper,dcooperl0@jigsy.com,Male,82,Pueblo,FL,Punjabi
758,Steve,Spencer,sspencerl1@photobucket.com,Male,92,Potawatomi,NM,Somali
759,Anne,Anderson,aandersonl2@disqus.com,Female,24,Asian,AK,Malayalam
760,Henry,Morris,hmorrisl3@amazon.co.jp,Male,21,American Indian,IN,Armenian
761,Debra,Watkins,dwatkinsl4@privacy.gov.au,Female,48,South American,TX,Tok Pisin
762,Patrick,Wright,pwrightl5@bbc.co.uk,Male,79,Cheyenne,OR,Catalan
763,Peter,Burton,pburtonl6@japanpost.jp,Male,71,Bangladeshi,CA,New Zealand Sign Language
764,Andrea,Wright,awrightl7@dion.ne.jp,Female,16,Paraguayan,CA,Swati
765,Wanda,Thompson,wthompsonl8@dion.ne.jp,Female,24,Seminole,CA,Marathi
766,Anne,Sullivan,asullivanl9@about.com,Female,92,Menominee,FL,Haitian Creole
767,Jerry,Rodriguez,jrodriguezla@tuttocitta.it,Male,3,Micronesian,FL,Azeri
768,Lori,Morris,lmorrislb@bbc.co.uk,Female,3,Vietnamese,DC,Armenian
769,Philip,Hayes,phayeslc@umich.edu,Male,7,Navajo,NE,Malayalam
770,Nancy,Russell,nrussellld@technorati.com,Female,94,Samoan,CA,West Frisian
771,Bobby,Brown,bbrownle@shareasale.com,Male,68,Latin American Indian,TX,Polish
772,Andrea,Howard,ahowardlf@reverbnation.com,Female,6,Asian,DE,Gujarati
773,Larry,Ryan,lryanlg@bloglines.com,Male,39,Panamanian,CO,West Frisian
774,Richard,Reed,rreedlh@plala.or.jp,Male,17,Ecuadorian,TX,Arabic
775,Gregory,Sanders,gsandersli@cbc.ca,Male,99,Crow,AZ,Kashmiri
776,Brenda,Arnold,barnoldlj@shop-pro.jp,Female,56,Tlingit-Haida,VA,Swati
777,Sara,Watkins,swatkinslk@sbwire.com,Female,57,Cree,TX,Northern Sotho
778,Lillian,Vasquez,lvasquezll@rakuten.co.jp,Female,91,Lumbee,MA,Telugu
779,Richard,Armstrong,rarmstronglm@goodreads.com,Male,67,Chamorro,MS,Kurdish
780,Anna,Stanley,astanleyln@mit.edu,Female,37,Dominican (Dominican Republic),CA,Kazakh
781,Wayne,Carpenter,wcarpenterlo@drupal.org,Male,37,Colombian,IL,Portuguese
782,Rebecca,Montgomery,rmontgomerylp@guardian.co.uk,Female,57,Native Hawaiian and Other Pacific Islander (NHPI),CA,Quechua
783,Rachel,Wright,rwrightlq@unc.edu,Female,99,Pima,CO,New Zealand Sign Language
784,Andrew,Thompson,athompsonlr@networkadvertising.org,Male,82,Uruguayan,FL,Malayalam
785,Angela,Stevens,astevensls@nps.gov,Female,16,Malaysian,GA,Arabic
786,Andrew,Cunningham,acunninghamlt@japanpost.jp,Male,4,Chilean,MS,Khmer
787,Edward,Moore,emoorelu@studiopress.com,Male,93,Shoshone,CA,Kannada
788,Henry,Medina,hmedinalv@printfriendly.com,Male,73,Puerto Rican,LA,Tetum
789,Thomas,Wallace,twallacelw@gmpg.org,Male,35,Fijian,DC,Amharic
790,Karen,Bishop,kbishoplx@mlb.com,Female,55,Sioux,KS,Armenian
791,Michelle,Barnes,mbarnesly@blogger.com,Female,41,Paiute,FL,Gagauz
792,Heather,Ortiz,hortizlz@columbia.edu,Female,39,Potawatomi,CA,New Zealand Sign Language
793,Henry,Phillips,hphillipsm0@pinterest.com,Male,10,Indonesian,MO,Belarusian
794,Melissa,Perry,mperrym1@time.com,Female,98,Peruvian,PA,Swedish
795,Nicholas,Brooks,nbrooksm2@facebook.com,Male,8,Pueblo,DC,Spanish
796,Brenda,Davis,bdavism3@fastcompany.com,Female,29,Houma,VA,Malagasy
797,Bonnie,Howell,bhowellm4@csmonitor.com,Female,31,Comanche,MO,Macedonian
798,Tina,Howell,thowellm5@yellowpages.com,Female,11,Filipino,OH,Assamese
799,Gregory,Young,gyoungm6@economist.com,Male,99,Comanche,NM,Norwegian
800,Alan,Berry,aberrym7@apache.org,Male,72,Houma,KY,Danish
801,Michael,Morrison,mmorrisonm8@networkadvertising.org,Male,4,Bangladeshi,OH,Kyrgyz
802,Paul,Evans,pevansm9@europa.eu,Male,94,Paiute,SC,Greek
803,Lillian,King,lkingma@yale.edu,Female,99,Costa Rican,MN,Khmer
804,Dorothy,Long,dlongmb@salon.com,Female,77,Lumbee,NY,Tetum
805,Carl,Tucker,ctuckermc@tripadvisor.com,Male,39,Central American,CA,Irish Gaelic
806,Pamela,Lawrence,plawrencemd@sitemeter.com,Female,44,Navajo,TN,Montenegrin
807,Christina,Fields,cfieldsme@amazon.com,Female,14,Puerto Rican,NY,Lithuanian
808,Ernest,Moore,emooremf@dyndns.org,Male,31,Malaysian,NY,Swahili
809,Adam,Rodriguez,arodriguezmg@angelfire.com,Male,28,Spaniard,WA,Kyrgyz
810,Mary,Kelly,mkellymh@bbc.co.uk,Female,82,Sioux,CT,Polish
811,Juan,Ward,jwardmi@istockphoto.com,Male,26,Asian,ID,Romanian
812,Jonathan,Dean,jdeanmj@howstuffworks.com,Male,77,Venezuelan,MN,Lao
813,Mary,Perry,mperrymk@etsy.com,Female,18,Cree,AZ,Burmese
814,Christina,Graham,cgrahamml@about.com,Female,48,Guamanian,IA,Gujarati
815,Louise,Evans,levansmm@addtoany.com,Female,78,Sioux,CA,Greek
816,Tina,Howell,thowellmn@nhs.uk,Female,99,Cherokee,NC,Dhivehi
817,James,Stone,jstonemo@tripod.com,Male,22,Venezuelan,NY,Catalan
818,Susan,King,skingmp@nature.com,Female,33,Spaniard,TX,Korean
819,Helen,Peters,hpetersmq@mac.com,Female,55,Thai,NE,Guaraní
820,Jimmy,Ward,jwardmr@lycos.com,Male,96,Cambodian,NV,Kannada
821,Christine,Jacobs,cjacobsms@usa.gov,Female,35,Chickasaw,CO,Thai
822,Raymond,Nelson,rnelsonmt@nhs.uk,Male,77,American Indian and Alaska Native (AIAN),DC,Arabic
823,Juan,Peterson,jpetersonmu@ow.ly,Male,26,Panamanian,SD,Yiddish
824,Christina,Long,clongmv@mac.com,Female,72,Potawatomi,NV,Hindi
825,Laura,Peters,lpetersmw@prweb.com,Female,51,Chilean,ID,Dari
826,Beverly,Ferguson,bfergusonmx@homestead.com,Female,82,Samoan,FL,Dari
827,Richard,Ferguson,rfergusonmy@wp.com,Male,48,Pima,DC,Tsonga
828,Jeremy,Griffin,jgriffinmz@kickstarter.com,Male,15,Blackfeet,FL,Kurdish
829,Beverly,Wood,bwoodn0@forbes.com,Female,59,Peruvian,IN,Hindi
830,Louise,Riley,lrileyn1@buzzfeed.com,Female,81,Mexican,WI,Azeri
831,Julie,Arnold,jarnoldn2@fotki.com,Female,86,Ecuadorian,MI,Burmese
832,Cheryl,Gardner,cgardnern3@pen.io,Female,25,Costa Rican,OH,Telugu
833,Juan,Graham,jgrahamn4@moonfruit.com,Male,40,Cree,GA,Quechua
834,Peter,Nelson,pnelsonn5@globo.com,Male,25,Japanese,TX,Pashto
835,Timothy,Boyd,tboydn6@amazon.co.uk,Male,4,Chamorro,AL,Moldovan
836,Jane,Jackson,jjacksonn7@cargocollective.com,Female,78,Puerto Rican,GA,Tetum
837,Bruce,Armstrong,barmstrongn8@netlog.com,Male,63,Polynesian,NY,Indonesian
838,Louise,Franklin,lfranklinn9@cornell.edu,Female,73,Eskimo,CA,Georgian
839,Roger,Edwards,redwardsna@yahoo.com,Male,100,Japanese,MO,Japanese
840,Carl,Stephens,cstephensnb@ovh.net,Male,54,Chamorro,HI,Polish
841,Billy,Hamilton,bhamiltonnc@163.com,Male,100,Korean,TX,Swedish
842,Beverly,Nguyen,bnguyennd@harvard.edu,Female,26,Peruvian,PA,Luxembourgish
843,Janet,Shaw,jshawne@craigslist.org,Female,20,Polynesian,FL,Dzongkha
844,William,Lawson,wlawsonnf@huffingtonpost.com,Male,6,Chippewa,FL,Māori
845,Billy,Hunt,bhuntng@tuttocitta.it,Male,50,Native Hawaiian and Other Pacific Islander (NHPI),OK,Aymara
846,Paul,Stone,pstonenh@home.pl,Male,67,Shoshone,DC,Filipino
847,Jane,Brooks,jbrooksni@tmall.com,Female,59,Melanesian,DC,Quechua
848,Christopher,Richards,crichardsnj@nih.gov,Male,69,Salvadoran,MO,French
849,Joan,Little,jlittlenk@go.com,Female,46,Yakama,MN,Māori
850,Christopher,Green,cgreennl@msn.com,Male,97,Black or African American,OH,Papiamento
851,Paula,Miller,pmillernm@usatoday.com,Female,17,Menominee,IA,Portuguese
852,Edward,Garrett,egarrettnn@blogs.com,Male,42,Cuban,FL,Marathi
853,Christina,Richardson,crichardsonno@ox.ac.uk,Female,42,Honduran,OH,Zulu
854,Steve,Martin,smartinnp@berkeley.edu,Male,70,Tlingit-Haida,TX,Azeri
855,Mary,Robertson,mrobertsonnq@eepurl.com,Female,50,Dominican (Dominican Republic),LA,Swati
856,Tammy,Little,tlittlenr@etsy.com,Female,82,Iroquois,OH,Kannada
857,Nancy,Nelson,nnelsonns@istockphoto.com,Female,21,Dominican (Dominican Republic),NV,Polish
858,Judith,Russell,jrussellnt@toplist.cz,Female,51,Korean,CA,Māori
859,Jacqueline,Miller,jmillernu@geocities.jp,Female,53,Micronesian,CA,Lao
860,Phillip,Thomas,pthomasnv@hhs.gov,Male,35,Comanche,CA,Estonian
861,Martha,Moreno,mmorenonw@theguardian.com,Female,49,Nicaraguan,CA,Greek
862,Harry,White,hwhitenx@paginegialle.it,Male,31,Honduran,TX,Papiamento
863,Russell,Freeman,rfreemanny@vkontakte.ru,Male,19,Samoan,MN,Papiamento
864,Bonnie,Duncan,bduncannz@pbs.org,Female,85,Colville,OK,Gagauz
865,Christopher,Ruiz,cruizo0@hibu.com,Male,21,Vietnamese,NY,New Zealand Sign Language
866,Nancy,Gomez,ngomezo1@g.co,Female,82,Spaniard,MA,Northern Sotho
867,Eugene,Romero,eromeroo2@time.com,Male,86,White,NC,Haitian Creole
868,Ruth,Rose,rroseo3@plala.or.jp,Female,62,Chickasaw,OR,Kazakh
869,Timothy,Nguyen,tnguyeno4@macromedia.com,Male,17,Chickasaw,MS,Dzongkha
870,Christina,Howell,chowello5@globo.com,Female,43,Guamanian,KY,Croatian
871,Pamela,Miller,pmillero6@prweb.com,Female,23,Seminole,MO,Bosnian
872,Douglas,Cunningham,dcunninghamo7@cbc.ca,Male,43,Blackfeet,NY,Tswana
873,Christine,Roberts,crobertso8@qq.com,Female,22,Colville,CA,Catalan
874,Gerald,Moreno,gmorenoo9@google.cn,Male,6,Mexican,FL,Armenian
875,Gerald,Marshall,gmarshalloa@amazon.de,Male,31,Chinese,MO,Burmese
876,Martin,Peters,mpetersob@biblegateway.com,Male,23,Houma,MN,Maltese
877,Elizabeth,Torres,etorresoc@mozilla.com,Female,47,Kiowa,IA,Spanish
878,Wayne,Allen,wallenod@gov.uk,Male,80,Chippewa,NY,Tamil
879,Emily,Burke,eburkeoe@simplemachines.org,Female,75,Alaska Native,MN,Japanese
880,Jacqueline,Gilbert,jgilbertof@lulu.com,Female,90,Shoshone,AZ,Norwegian
881,Rachel,Kelley,rkelleyog@bigcartel.com,Female,88,Native Hawaiian and Other Pacific Islander (NHPI),NY,Dzongkha
882,Craig,Ortiz,cortizoh@ustream.tv,Male,62,White,MI,Icelandic
883,Ashley,Ramirez,aramirezoi@stanford.edu,Female,58,Korean,TX,Mongolian
884,Jesse,Kelley,jkelleyoj@springer.com,Male,15,Cheyenne,NY,Malayalam
885,Jesse,Peters,jpetersok@google.de,Male,70,Honduran,TX,Bengali
886,Stephen,Fernandez,sfernandezol@about.me,Male,2,Cherokee,MI,Maltese
887,Rose,Evans,revansom@dell.com,Female,51,Latin American Indian,PA,Hindi
888,Ruby,Martin,rmartinon@xinhuanet.com,Female,92,American Indian,PA,Bosnian
889,Margaret,Riley,mrileyoo@ucsd.edu,Female,54,Indonesian,TX,Macedonian
890,Patrick,Lawrence,plawrenceop@prnewswire.com,Male,33,Choctaw,IA,Afrikaans
891,Anna,Harper,aharperoq@google.com.br,Female,23,Chilean,TX,Dzongkha
892,Charles,Armstrong,carmstrongor@pen.io,Male,7,Melanesian,GA,Māori
893,Denise,Wagner,dwagneros@latimes.com,Female,22,Salvadoran,DC,Hindi
894,John,Fields,jfieldsot@ft.com,Male,96,Menominee,CO,Tsonga
895,Lori,Lawrence,llawrenceou@cornell.edu,Female,75,Taiwanese,WI,Japanese
896,Gloria,Campbell,gcampbellov@gravatar.com,Female,42,Kiowa,PA,Bulgarian
897,Earl,Simpson,esimpsonow@indiatimes.com,Male,41,Central American,AZ,Armenian
898,Clarence,Myers,cmyersox@cbslocal.com,Male,48,Samoan,NY,Italian
899,Patrick,Allen,pallenoy@domainmarket.com,Male,85,Latin American Indian,CO,Greek
900,Laura,Perez,lperezoz@weebly.com,Female,44,Malaysian,TX,Burmese
901,Betty,Larson,blarsonp0@va.gov,Female,78,Eskimo,CA,Zulu
902,Shawn,Harper,sharperp1@bizjournals.com,Male,93,Asian,VA,Malay
903,Antonio,Perez,aperezp2@wired.com,Male,12,Hmong,VA,Burmese
904,Benjamin,Ramos,bramosp3@oracle.com,Male,37,Creek,AR,Oriya
905,Gerald,Cruz,gcruzp4@aboutads.info,Male,31,Ottawa,CA,Lao
906,Dorothy,Peterson,dpetersonp5@sogou.com,Female,74,Chamorro,LA,Khmer
907,Amanda,Perry,aperryp6@netscape.com,Female,9,Samoan,WA,Yiddish
908,Theresa,Bryant,tbryantp7@tinyurl.com,Female,10,Laotian,IA,Irish Gaelic
909,Richard,Spencer,rspencerp8@ox.ac.uk,Male,30,Chilean,NY,English
910,Steven,Cox,scoxp9@4shared.com,Male,51,Honduran,SC,Tetum
911,Rachel,Butler,rbutlerpa@tinyurl.com,Female,37,Potawatomi,NV,Croatian
912,Donald,Ryan,dryanpb@com.com,Male,50,Choctaw,IN,Belarusian
913,Adam,Arnold,aarnoldpc@nymag.com,Male,84,Bangladeshi,AL,Moldovan
914,Lori,Chavez,lchavezpd@china.com.cn,Female,81,Bangladeshi,TX,Aymara
915,William,Fowler,wfowlerpe@google.nl,Male,29,Taiwanese,DC,Portuguese
916,Keith,Griffin,kgriffinpf@mit.edu,Male,15,Iroquois,PA,Indonesian
917,Jonathan,Torres,jtorrespg@sciencedaily.com,Male,41,Asian Indian,FL,Mongolian
918,Kelly,Garrett,kgarrettph@woothemes.com,Female,44,Guamanian,IL,Kashmiri
919,Jacqueline,Rice,jricepi@barnesandnoble.com,Female,82,Alaska Native,FL,Dutch
920,Phillip,Ellis,pellispj@wikispaces.com,Male,96,Bolivian,CA,Malayalam
921,Billy,Hayes,bhayespk@patch.com,Male,30,Taiwanese,IN,Mongolian
922,Dennis,Hart,dhartpl@google.ru,Male,45,Osage,WV,Mongolian
923,Bruce,Lewis,blewispm@edublogs.org,Male,19,Hmong,NY,Gujarati
924,Martha,Wilson,mwilsonpn@paypal.com,Female,44,Yakama,FL,Korean
925,Dennis,Palmer,dpalmerpo@e-recht24.de,Male,14,Uruguayan,CA,Dzongkha
926,James,Morales,jmoralespp@scribd.com,Male,97,Venezuelan,TX,Malayalam
927,Carolyn,Fields,cfieldspq@youtu.be,Female,43,Korean,NC,Filipino
928,Helen,Kelley,hkelleypr@japanpost.jp,Female,96,Delaware,PA,Pashto
929,Lillian,Cruz,lcruzps@flickr.com,Female,77,Central American,FL,Estonian
930,Justin,Meyer,jmeyerpt@hugedomains.com,Male,95,Navajo,OH,Gagauz
931,George,Kelly,gkellypu@cdc.gov,Male,44,Menominee,FL,Malay
932,Bonnie,Riley,brileypv@addtoany.com,Female,20,Malaysian,LA,Lao
933,Diane,Harrison,dharrisonpw@businesswire.com,Female,94,Fijian,IN,Tsonga
934,Carol,Jenkins,cjenkinspx@nps.gov,Female,29,Colville,OR,Gujarati
935,Brian,Hicks,bhickspy@smh.com.au,Male,15,Yuman,TX,Swati
936,Annie,Dean,adeanpz@hexun.com,Female,84,Cambodian,DC,Somali
937,Dorothy,Washington,dwashingtonq0@unesco.org,Female,58,Laotian,MO,French
938,Douglas,Franklin,dfranklinq1@yahoo.com,Male,66,Polynesian,CA,English
939,Peter,Morgan,pmorganq2@senate.gov,Male,28,Pima,AZ,Tsonga
940,Elizabeth,Payne,epayneq3@google.com,Female,15,Yaqui,OH,Guaraní
941,Roy,Fernandez,rfernandezq4@symantec.com,Male,66,Central American,CA,Polish
942,Irene,Fowler,ifowlerq5@census.gov,Female,30,Thai,CA,Northern Sotho
943,Steven,George,sgeorgeq6@amazon.co.jp,Male,76,Central American,CA,Māori
944,Janice,Allen,jallenq7@stanford.edu,Female,21,Puerto Rican,AL,Tok Pisin
945,Jeremy,Bradley,jbradleyq8@delicious.com,Male,87,Cambodian,NC,West Frisian
946,Patrick,Wallace,pwallaceq9@netvibes.com,Male,20,Cuban,AR,Mongolian
947,Deborah,White,dwhiteqa@deviantart.com,Female,82,Sioux,AZ,Lithuanian
948,Jesse,Bishop,jbishopqb@miitbeian.gov.cn,Male,9,Chickasaw,TX,Arabic
949,Timothy,Knight,tknightqc@stanford.edu,Male,48,Tohono O'Odham,KS,Norwegian
950,Lori,Marshall,lmarshallqd@tiny.cc,Female,86,Colville,FL,Luxembourgish
951,Gerald,King,gkingqe@nymag.com,Male,46,Honduran,IL,Korean
952,Justin,Bell,jbellqf@hibu.com,Male,79,Aleut,OH,Māori
953,Sean,Murray,smurrayqg@irs.gov,Male,71,American Indian and Alaska Native (AIAN),NY,Pashto
954,Irene,Gomez,igomezqh@ca.gov,Female,83,Potawatomi,CA,Portuguese
955,Todd,Walker,twalkerqi@t-online.de,Male,60,Yakama,KS,Estonian
956,Lois,Grant,lgrantqj@multiply.com,Female,75,Black or African American,CT,Burmese
957,Lisa,Martin,lmartinqk@usda.gov,Female,20,Aleut,CA,Maltese
958,Ruth,Fox,rfoxql@bbc.co.uk,Female,49,Spaniard,GA,Marathi
959,Steve,Morris,smorrisqm@nbcnews.com,Male,5,Chickasaw,OH,Filipino
960,Shirley,Gilbert,sgilbertqn@telegraph.co.uk,Female,15,Navajo,NY,Croatian
961,Patricia,Gardner,pgardnerqo@ucoz.com,Female,77,Paiute,WV,Oriya
962,Raymond,Oliver,roliverqp@thetimes.co.uk,Male,45,Fijian,MN,Icelandic
963,Benjamin,Alvarez,balvarezqq@npr.org,Male,71,Creek,NY,Dzongkha
964,Jeffrey,Bailey,jbaileyqr@scribd.com,Male,11,Ottawa,NY,Afrikaans
965,Earl,Hunter,ehunterqs@ucsd.edu,Male,98,Melanesian,MD,Romanian
966,Ernest,Ramirez,eramirezqt@europa.eu,Male,81,Argentinian,IN,Ndebele
967,Lillian,Rose,lrosequ@wufoo.com,Female,72,Shoshone,CA,Finnish
968,Thomas,Wright,twrightqv@deliciousdays.com,Male,89,Menominee,FL,Romanian
969,Louise,Dixon,ldixonqw@sfgate.com,Female,9,Blackfeet,NY,Afrikaans
970,Anne,Fowler,afowlerqx@chron.com,Female,43,Yuman,GA,Tok Pisin
971,Chris,Carroll,ccarrollqy@mac.com,Male,60,Laotian,TX,Guaraní
972,Dorothy,Holmes,dholmesqz@wikipedia.org,Female,17,Chamorro,CA,Ndebele
973,Harold,Hunt,hhuntr0@google.it,Male,20,Asian Indian,MN,Afrikaans
974,Angela,Mccoy,amccoyr1@oaic.gov.au,Female,64,Potawatomi,FL,Japanese
975,Joseph,Gonzalez,jgonzalezr2@wordpress.com,Male,52,Aleut,NY,Tamil
976,Sharon,Matthews,smatthewsr3@1und1.de,Female,89,Lumbee,FL,Hindi
977,Jeremy,Gutierrez,jgutierrezr4@yolasite.com,Male,6,Houma,NY,Tamil
978,Michelle,Jones,mjonesr5@example.com,Female,36,Cree,VA,Catalan
979,Stephanie,Burke,sburker6@trellian.com,Female,10,Samoan,TX,Yiddish
980,Donald,Clark,dclarkr7@edublogs.org,Male,80,Puget Sound Salish,NV,Yiddish
981,Rebecca,Torres,rtorresr8@stanford.edu,Female,6,Navajo,NY,Tajik
982,Michael,Ross,mrossr9@mozilla.org,Male,18,Tongan,VA,Chinese
983,Gregory,Adams,gadamsra@shop-pro.jp,Male,50,Melanesian,IL,Māori
984,Lillian,Porter,lporterrb@google.co.uk,Female,19,Honduran,AL,Greek
985,Ryan,Frazier,rfrazierrc@ifeng.com,Male,36,Lumbee,FL,Khmer
986,Arthur,Garcia,agarciard@dagondesign.com,Male,21,Tlingit-Haida,CA,Spanish
987,Jose,Howell,jhowellre@digg.com,Male,58,Central American,MI,Northern Sotho
988,Jerry,Martinez,jmartinezrf@toplist.cz,Male,89,Guatemalan,TX,Haitian Creole
989,Mary,Williams,mwilliamsrg@adobe.com,Female,72,Samoan,NJ,Belarusian
990,Amy,Ramirez,aramirezrh@cpanel.net,Female,79,Panamanian,GA,Aymara
991,Jeffrey,Griffin,jgriffinri@bloglovin.com,Male,75,Peruvian,TN,Gagauz
992,Nancy,Montgomery,nmontgomeryrj@ucsd.edu,Female,81,Choctaw,OH,German
993,Robert,Owens,rowensrk@a8.net,Male,87,Cree,MO,Gagauz
994,Dennis,Baker,dbakerrl@godaddy.com,Male,75,Guamanian,CT,Moldovan
995,Howard,Jackson,hjacksonrm@techcrunch.com,Male,24,Chickasaw,NJ,Albanian
996,Shirley,Morales,smoralesrn@lycos.com,Female,73,Guamanian,SC,Lao
997,Charles,Barnes,cbarnesro@adobe.com,Male,25,Puerto Rican,CO,Kurdish
998,Lori,Watson,lwatsonrp@techcrunch.com,Female,43,Pima,AL,Afrikaans
999,Rachel,Gonzalez,rgonzalezrq@independent.co.uk,Female,7,Venezuelan,NC,Spanish
1000,Dennis,Simmons,dsimmonsrr@netvibes.com,Male,32,Filipino,GA,Icelandic
